approved_at_utc,subreddit,selftext,author_fullname,saved,mod_reason_title,gilded,clicked,title,link_flair_richtext,subreddit_name_prefixed,hidden,pwls,link_flair_css_class,downs,thumbnail_height,hide_score,name,quarantine,link_flair_text_color,author_flair_background_color,subreddit_type,ups,total_awards_received,media_embed,thumbnail_width,author_flair_template_id,is_original_content,user_reports,secure_media,is_reddit_media_domain,is_meta,category,secure_media_embed,link_flair_text,can_mod_post,score,approved_by,author_premium,thumbnail,edited,author_flair_css_class,steward_reports,author_flair_richtext,gildings,post_hint,content_categories,is_self,mod_note,created,link_flair_type,wls,removed_by_category,banned_by,author_flair_type,domain,allow_live_comments,selftext_html,likes,suggested_sort,banned_at_utc,view_count,archived,no_follow,is_crosspostable,pinned,over_18,preview,all_awardings,awarders,media_only,can_gild,spoiler,locked,author_flair_text,visited,removed_by,num_reports,distinguished,subreddit_id,mod_reason_by,removal_reason,link_flair_background_color,id,is_robot_indexable,report_reasons,author,discussion_type,num_comments,send_replies,whitelist_status,contest_mode,mod_reports,author_patreon_flair,author_flair_text_color,permalink,parent_whitelist_status,stickied,url,subreddit_subscribers,created_utc,num_crossposts,media,is_video,author_cakeday
,todayilearned,,t2_3rjktver,False,,0,False,"TIL that, in 1954, Betty White was criticized for having Arthur Duncan, a black performer, on her show. When the show went national, affiliates from southern states complained and Betty said ""I'm sorry. Live with it"" and gave Duncan more airtime. The show was soon cancelled.",[],r/todayilearned,False,6,,0,140.0,False,t3_e85425,False,dark,,public,38506,0,{},140.0,,False,[],,False,False,,{},,False,38506,,False,https://b.thumbs.redditmedia.com/oIk6A9dAuxSLnAe7I2Tgw59DonPk4lYWjww3UHU7vLM.jpg,False,,[],[],{},link,,False,,1575895301.0,text,6,,,text,en.wikipedia.org,True,,,,,,False,False,False,False,False,"{'images': [{'source': {'url': 'https://external-preview.redd.it/vl0ax4bg7mbM4CbeYWSGUTJmZOG4g7IzZhoKqQD4cZs.jpg?auto=webp&amp;s=26646dc6037a5b2cd853b5cb358fe55442728a58', 'width': 220, 'height': 280}, 'resolutions': [{'url': 'https://external-preview.redd.it/vl0ax4bg7mbM4CbeYWSGUTJmZOG4g7IzZhoKqQD4cZs.jpg?width=108&amp;crop=smart&amp;auto=webp&amp;s=f67dc07b027bc8fd5a756aa0c2be590a3838f9ff', 'width': 108, 'height': 137}, {'url': 'https://external-preview.redd.it/vl0ax4bg7mbM4CbeYWSGUTJmZOG4g7IzZhoKqQD4cZs.jpg?width=216&amp;crop=smart&amp;auto=webp&amp;s=9313380b30455514a630ec400cd1848cf5fa17a0', 'width': 216, 'height': 274}], 'variants': {}, 'id': 'dfFz4cO5TpIEpFkQSHXhSxixGi_tLsbHl8DlK9ZGUds'}], 'enabled': False}",[],[],False,False,False,False,,False,,,,t5_2qqjc,,,,e85425,True,,MyWifeLikesAsianCock,,780,True,all_ads,False,[],False,,/r/todayilearned/comments/e85425/til_that_in_1954_betty_white_was_criticized_for/,all_ads,False,https://en.wikipedia.org/wiki/Betty_White,21846743,1575866501.0,3,,False,
,todayilearned,,t2_4azmqlxh,False,,2,False,TIL that rapper Tech N9ne picks up bras that women throw on stage when he performs and donated them to domestic violent shelters.,[],r/todayilearned,False,6,,0,93.0,False,t3_e81x3k,False,dark,,public,69092,2,{},140.0,,False,[],,False,False,,{},,False,69092,,True,https://b.thumbs.redditmedia.com/YvQ9_ptXtY5eARg9OlZAOWgkNiyb1KX8NOcsT9M9KGM.jpg,False,,[],[],{'gid_2': 2},link,,False,,1575879148.0,text,6,,,text,xxlmag.com,True,,,,,,False,False,False,False,False,"{'images': [{'source': {'url': 'https://external-preview.redd.it/b8ki7vBPeiyXTvtce0E0WbTl2sdfEi7P6A8icd87H20.jpg?auto=webp&amp;s=e44d53024d87fd0aa4884b31bfde670faa46bf48', 'width': 600, 'height': 400}, 'resolutions': [{'url': 'https://external-preview.redd.it/b8ki7vBPeiyXTvtce0E0WbTl2sdfEi7P6A8icd87H20.jpg?width=108&amp;crop=smart&amp;auto=webp&amp;s=b321bf4f74ee3debe15ffd3035443a063a32754a', 'width': 108, 'height': 72}, {'url': 'https://external-preview.redd.it/b8ki7vBPeiyXTvtce0E0WbTl2sdfEi7P6A8icd87H20.jpg?width=216&amp;crop=smart&amp;auto=webp&amp;s=86c0343a6a86f81ba64953095f70d83589112b1e', 'width': 216, 'height': 144}, {'url': 'https://external-preview.redd.it/b8ki7vBPeiyXTvtce0E0WbTl2sdfEi7P6A8icd87H20.jpg?width=320&amp;crop=smart&amp;auto=webp&amp;s=72384e6bf97bdcd9c32859058135a4e36f5182bc', 'width': 320, 'height': 213}], 'variants': {}, 'id': 'vWWZkXAbjIQyEvMslgHgmyxdnOZMG5NJa8AZz91iw-0'}], 'enabled': False}","[{'count': 2, 'is_enabled': True, 'subreddit_id': None, 'description': 'Gives the author a week of Reddit Premium, %{coin_symbol}100 Coins to do with as they please, and shows a Gold Award.', 'end_date': None, 'award_sub_type': 'GLOBAL', 'coin_reward': 100, 'icon_url': 'https://www.redditstatic.com/gold/awards/icon/gold_512.png', 'days_of_premium': 7, 'is_new': False, 'id': 'gid_2', 'icon_height': 512, 'resized_icons': [{'url': 'https://www.redditstatic.com/gold/awards/icon/gold_16.png', 'width': 16, 'height': 16}, {'url': 'https://www.redditstatic.com/gold/awards/icon/gold_32.png', 'width': 32, 'height': 32}, {'url': 'https://www.redditstatic.com/gold/awards/icon/gold_48.png', 'width': 48, 'height': 48}, {'url': 'https://www.redditstatic.com/gold/awards/icon/gold_64.png', 'width': 64, 'height': 64}, {'url': 'https://www.redditstatic.com/gold/awards/icon/gold_128.png', 'width': 128, 'height': 128}], 'days_of_drip_extension': 0, 'award_type': 'global', 'start_date': None, 'coin_price': 500, 'icon_width': 512, 'subreddit_coin_reward': 0, 'name': 'Gold'}]",[],False,False,False,False,,False,,,,t5_2qqjc,,,,e81x3k,True,,Niktam-Air,,1389,False,all_ads,False,[],False,,/r/todayilearned/comments/e81x3k/til_that_rapper_tech_n9ne_picks_up_bras_that/,all_ads,False,https://www.xxlmag.com/news/2016/01/tech-n9ne-bras-hope-house-domestic-violence-shelter/,21846743,1575850348.0,8,,False,
,todayilearned,,t2_9amwg,False,,0,False,TIL that Dolly Parton's family was so poor that the doctor who brought her into the world was paid with a sack of cornmeal,[],r/todayilearned,False,6,,0,140.0,False,t3_e80xrh,False,dark,,public,7905,0,{},140.0,,False,[],,False,False,,{},,False,7905,,True,https://b.thumbs.redditmedia.com/dZuU5QelfOPPKKXwPWYHJ9-5jCrQ6TQEBFfygiHMZUo.jpg,False,points points-1 q-NNm4or,[],[],{},link,,False,,1575874470.0,text,6,,,text,rollingstone.com,True,,,,,,False,False,False,False,False,"{'images': [{'source': {'url': 'https://external-preview.redd.it/e3B8wdljsnvGHAIJFlYGXzJyWaKvqPjTWudRgmCSq4E.jpg?auto=webp&amp;s=7eef4d574699181b27cece1d38734c5114936896', 'width': 1956, 'height': 3000}, 'resolutions': [{'url': 'https://external-preview.redd.it/e3B8wdljsnvGHAIJFlYGXzJyWaKvqPjTWudRgmCSq4E.jpg?width=108&amp;crop=smart&amp;auto=webp&amp;s=c8fc0cf367c3edb733f57003a48045935ad419fd', 'width': 108, 'height': 165}, {'url': 'https://external-preview.redd.it/e3B8wdljsnvGHAIJFlYGXzJyWaKvqPjTWudRgmCSq4E.jpg?width=216&amp;crop=smart&amp;auto=webp&amp;s=2537a1a3215eeb89b003dab9bb1f2f8d959da749', 'width': 216, 'height': 331}, {'url': 'https://external-preview.redd.it/e3B8wdljsnvGHAIJFlYGXzJyWaKvqPjTWudRgmCSq4E.jpg?width=320&amp;crop=smart&amp;auto=webp&amp;s=ee86fd0f7b9237c805625d86eae25819f7310ea3', 'width': 320, 'height': 490}, {'url': 'https://external-preview.redd.it/e3B8wdljsnvGHAIJFlYGXzJyWaKvqPjTWudRgmCSq4E.jpg?width=640&amp;crop=smart&amp;auto=webp&amp;s=1866457e54dc77a6a6bd6d5f03fbd089db26e7d3', 'width': 640, 'height': 981}, {'url': 'https://external-preview.redd.it/e3B8wdljsnvGHAIJFlYGXzJyWaKvqPjTWudRgmCSq4E.jpg?width=960&amp;crop=smart&amp;auto=webp&amp;s=e78756923152cad427667d115e99e35c7bdb21f8', 'width': 960, 'height': 1472}, {'url': 'https://external-preview.redd.it/e3B8wdljsnvGHAIJFlYGXzJyWaKvqPjTWudRgmCSq4E.jpg?width=1080&amp;crop=smart&amp;auto=webp&amp;s=aced04982302c13668a5c50bd4fad00be0a3555a', 'width': 1080, 'height': 1656}], 'variants': {}, 'id': 'UkduH-yZhHgqfDOuejyKA0hRVir0oLd2vTj0U1CSbw0'}], 'enabled': False}",[],[],False,False,False,False,1,False,,,,t5_2qqjc,,,,e80xrh,True,,xsited1,,248,False,all_ads,False,[],False,dark,/r/todayilearned/comments/e80xrh/til_that_dolly_partons_family_was_so_poor_that/,all_ads,False,https://www.rollingstone.com/music/music-features/interview-dolly-parton-2-237948/,21846743,1575845670.0,2,,False,
,todayilearned,,t2_10gswqiq,False,,0,False,"TIL that in a Roman hospital doctors used to hide Jews from Nazi troops by putting them in quarantine for the extremely contagious ""K syndrome"". The syndrome didn't actually exist, but the soldiers wouldn't dare enter these rooms.",[],r/todayilearned,False,6,,0,105.0,False,t3_e7zldb,False,dark,,public,9860,0,{},140.0,,False,[],,False,False,,{},,False,9860,,False,https://b.thumbs.redditmedia.com/yNsZIwU0my2PQvGkuBsEb3PM2CJqOn5AHDrnKIMbBBU.jpg,False,,[],[],{},link,,False,,1575868486.0,text,6,,,text,historytoday.com,True,,,,,,False,False,False,False,False,"{'images': [{'source': {'url': 'https://external-preview.redd.it/WHODkHIrNmFY_dL2Wr0pYtBbc1r3GrJVN4Fc7nIXgEI.jpg?auto=webp&amp;s=cfaecc6b858ef22b33696090f999644d9c5363fb', 'width': 1100, 'height': 825}, 'resolutions': [{'url': 'https://external-preview.redd.it/WHODkHIrNmFY_dL2Wr0pYtBbc1r3GrJVN4Fc7nIXgEI.jpg?width=108&amp;crop=smart&amp;auto=webp&amp;s=19ab258a0bcf57cdf9ec17019e47a2678921c74f', 'width': 108, 'height': 81}, {'url': 'https://external-preview.redd.it/WHODkHIrNmFY_dL2Wr0pYtBbc1r3GrJVN4Fc7nIXgEI.jpg?width=216&amp;crop=smart&amp;auto=webp&amp;s=c70bbe35c3c944ab2f877637498ade2bea5f7506', 'width': 216, 'height': 162}, {'url': 'https://external-preview.redd.it/WHODkHIrNmFY_dL2Wr0pYtBbc1r3GrJVN4Fc7nIXgEI.jpg?width=320&amp;crop=smart&amp;auto=webp&amp;s=5ddb39dc330a1eb25e4b16fdf1c79f2116ef6688', 'width': 320, 'height': 240}, {'url': 'https://external-preview.redd.it/WHODkHIrNmFY_dL2Wr0pYtBbc1r3GrJVN4Fc7nIXgEI.jpg?width=640&amp;crop=smart&amp;auto=webp&amp;s=45bcf2367db7af0fbf20c4020c1d65fc51155400', 'width': 640, 'height': 480}, {'url': 'https://external-preview.redd.it/WHODkHIrNmFY_dL2Wr0pYtBbc1r3GrJVN4Fc7nIXgEI.jpg?width=960&amp;crop=smart&amp;auto=webp&amp;s=7b9d4935d157a0dfb337b40b346fd9344fcba3dd', 'width': 960, 'height': 720}, {'url': 'https://external-preview.redd.it/WHODkHIrNmFY_dL2Wr0pYtBbc1r3GrJVN4Fc7nIXgEI.jpg?width=1080&amp;crop=smart&amp;auto=webp&amp;s=2e8087093b4a3d12d5e21355ee708a8faf3e140e', 'width': 1080, 'height': 810}], 'variants': {}, 'id': '6tlAC3sbnwCRmYxae_JCF3G50jeg5nt65f3pTGewz6c'}], 'enabled': False}",[],[],False,False,False,False,,False,,,,t5_2qqjc,,,,e7zldb,True,,Maglorean,,160,True,all_ads,False,[],False,,/r/todayilearned/comments/e7zldb/til_that_in_a_roman_hospital_doctors_used_to_hide/,all_ads,False,https://www.historytoday.com/history-matters/k-syndrome-disease-saved,21846743,1575839686.0,3,,False,
,todayilearned,,t2_u19t6,False,,0,False,"TIL that an Iraqi man slept through the invasion of his town after it was attacked by militants. He was the only person left behind the when the town was evacuated. He woke up, watched a movie and fiddled with his A/C, only noticing the takeover that evening. The militants left him alone.",[],r/todayilearned,False,6,,0,78.0,False,t3_e7xrte,False,dark,,public,56792,1,{},140.0,,False,[],,False,False,,{},,False,56792,,True,https://b.thumbs.redditmedia.com/S43_PkQD7Q3ypX8q2fV6sIA24hCbBemJHcHv0ydGaLo.jpg,False,,[],[],{'gid_1': 1},link,,False,,1575860504.0,text,6,,,text,vice.com,True,,,,,,False,False,False,False,False,"{'images': [{'source': {'url': 'https://external-preview.redd.it/_Gtem_zgTiHoAAEKdKqeq8lc96NCEei6wo007G8L2I0.jpg?auto=webp&amp;s=eb33ae11198e85a63aa318e34de54eb2994fae3c', 'width': 1200, 'height': 675}, 'resolutions': [{'url': 'https://external-preview.redd.it/_Gtem_zgTiHoAAEKdKqeq8lc96NCEei6wo007G8L2I0.jpg?width=108&amp;crop=smart&amp;auto=webp&amp;s=92e8e3c06d96f39ab5984d9b0d9fec69bd855245', 'width': 108, 'height': 60}, {'url': 'https://external-preview.redd.it/_Gtem_zgTiHoAAEKdKqeq8lc96NCEei6wo007G8L2I0.jpg?width=216&amp;crop=smart&amp;auto=webp&amp;s=aaae65a1fd8d56fa824987d4bbcf2939f0c872e5', 'width': 216, 'height': 121}, {'url': 'https://external-preview.redd.it/_Gtem_zgTiHoAAEKdKqeq8lc96NCEei6wo007G8L2I0.jpg?width=320&amp;crop=smart&amp;auto=webp&amp;s=b9721de2737e603bd8f4e81c89bf07407dabbe31', 'width': 320, 'height': 180}, {'url': 'https://external-preview.redd.it/_Gtem_zgTiHoAAEKdKqeq8lc96NCEei6wo007G8L2I0.jpg?width=640&amp;crop=smart&amp;auto=webp&amp;s=860323c79aa99af32992843f5bb189cdae5dab63', 'width': 640, 'height': 360}, {'url': 'https://external-preview.redd.it/_Gtem_zgTiHoAAEKdKqeq8lc96NCEei6wo007G8L2I0.jpg?width=960&amp;crop=smart&amp;auto=webp&amp;s=17eff71e6325e6234688da51f17a584568700116', 'width': 960, 'height': 540}, {'url': 'https://external-preview.redd.it/_Gtem_zgTiHoAAEKdKqeq8lc96NCEei6wo007G8L2I0.jpg?width=1080&amp;crop=smart&amp;auto=webp&amp;s=c2cad4b7456d7871354d5b17d0ce6548b769f2f2', 'width': 1080, 'height': 607}], 'variants': {}, 'id': 'YlfVUdJrUJAaLasimCRmTPqiDsKodUaJo7H8KyXGXV8'}], 'enabled': False}","[{'count': 1, 'is_enabled': True, 'subreddit_id': None, 'description': ""Shows the Silver Award... and that's it."", 'end_date': None, 'award_sub_type': 'GLOBAL', 'coin_reward': 0, 'icon_url': 'https://www.redditstatic.com/gold/awards/icon/silver_512.png', 'days_of_premium': 0, 'is_new': False, 'id': 'gid_1', 'icon_height': 512, 'resized_icons': [{'url': 'https://www.redditstatic.com/gold/awards/icon/silver_16.png', 'width': 16, 'height': 16}, {'url': 'https://www.redditstatic.com/gold/awards/icon/silver_32.png', 'width': 32, 'height': 32}, {'url': 'https://www.redditstatic.com/gold/awards/icon/silver_48.png', 'width': 48, 'height': 48}, {'url': 'https://www.redditstatic.com/gold/awards/icon/silver_64.png', 'width': 64, 'height': 64}, {'url': 'https://www.redditstatic.com/gold/awards/icon/silver_128.png', 'width': 128, 'height': 128}], 'days_of_drip_extension': 0, 'award_type': 'global', 'start_date': None, 'coin_price': 100, 'icon_width': 512, 'subreddit_coin_reward': 0, 'name': 'Silver'}]",[],False,False,False,False,,False,,,,t5_2qqjc,,,,e7xrte,True,,Tokyono,,1122,True,all_ads,False,[],False,,/r/todayilearned/comments/e7xrte/til_that_an_iraqi_man_slept_through_the_invasion/,all_ads,False,https://www.vice.com/en_us/article/7xjq5g/this-man-slept-through-the-islamic-state-takeover-of-his-town,21846743,1575831704.0,9,,False,
,todayilearned,,t2_3wc78,False,,0,False,"TIL that the most expensive hot dog at an MLB stadium is $7 at Nationals Park in Washington DC, while the cheapest hot dog is $1.50 at Oriole Park in Baltimore, less than an hour away.",[],r/todayilearned,False,6,,0,99.0,False,t3_e84gar,False,dark,,public,1270,0,{},140.0,,False,[],,False,False,,{},,False,1270,,False,https://b.thumbs.redditmedia.com/NL-kR0c-W8_U1jNHb3kZb_MxAHrOKPm4iQnmcmzzl8Q.jpg,False,,[],[],{},link,,False,,1575891801.0,text,6,,,text,statista.com,True,,,,,,False,False,False,False,False,"{'images': [{'source': {'url': 'https://external-preview.redd.it/zmWarbKeOp33rzA5NoFPBoASavEkCkqFSrBPIvJUqv8.jpg?auto=webp&amp;s=a1ccfad2f02e3f2befef10be33afd5ab1bfe56c3', 'width': 355, 'height': 253}, 'resolutions': [{'url': 'https://external-preview.redd.it/zmWarbKeOp33rzA5NoFPBoASavEkCkqFSrBPIvJUqv8.jpg?width=108&amp;crop=smart&amp;auto=webp&amp;s=5c363a24582fb629660c784b09365c22bde3abca', 'width': 108, 'height': 76}, {'url': 'https://external-preview.redd.it/zmWarbKeOp33rzA5NoFPBoASavEkCkqFSrBPIvJUqv8.jpg?width=216&amp;crop=smart&amp;auto=webp&amp;s=638ebe9c713afab2a275dca2869671629ffa4f54', 'width': 216, 'height': 153}, {'url': 'https://external-preview.redd.it/zmWarbKeOp33rzA5NoFPBoASavEkCkqFSrBPIvJUqv8.jpg?width=320&amp;crop=smart&amp;auto=webp&amp;s=49f573c08b0b034ff0c64d54a916f1cb2acc2ec2', 'width': 320, 'height': 228}], 'variants': {}, 'id': 'kpJTSznJgShjng_sAVo-ACDOHkktZLco53n7xtHQZ5g'}], 'enabled': False}",[],[],False,False,False,False,,False,,,,t5_2qqjc,,,,e84gar,True,,music99,,126,True,all_ads,False,[],False,,/r/todayilearned/comments/e84gar/til_that_the_most_expensive_hot_dog_at_an_mlb/,all_ads,False,https://www.statista.com/statistics/202743/hot-dog-prices-in-major-league-baseball-by-team/,21846743,1575863001.0,4,,False,
,todayilearned,,t2_vfe99,False,,0,False,TIL the urban legend of Atari burying hundreds of thousands of ET cartridges in a New Mexico landfill actually happened. An excavation found them in 2014.,[],r/todayilearned,False,6,,0,105.0,False,t3_e7we9f,False,dark,,public,9840,0,{},140.0,,False,[],,False,False,,{},,False,9840,,False,https://b.thumbs.redditmedia.com/HVXMk9UruSoxpWh_m4sE2vq8MDAFMX0jh_0EKY2qN7w.jpg,False,,[],[],{},link,,False,,1575854388.0,text,6,,,text,cnet.com,True,,,,,,False,False,False,False,False,"{'images': [{'source': {'url': 'https://external-preview.redd.it/I6cmFrT7rCaairMAKDOt2ScuCXR15Y3xSpimsiJTOr4.jpg?auto=webp&amp;s=cbcb0d65c53cd2145bef5805083677fed5810d28', 'width': 756, 'height': 567}, 'resolutions': [{'url': 'https://external-preview.redd.it/I6cmFrT7rCaairMAKDOt2ScuCXR15Y3xSpimsiJTOr4.jpg?width=108&amp;crop=smart&amp;auto=webp&amp;s=77e380714174e87acab4935b77a796e9a70c114f', 'width': 108, 'height': 81}, {'url': 'https://external-preview.redd.it/I6cmFrT7rCaairMAKDOt2ScuCXR15Y3xSpimsiJTOr4.jpg?width=216&amp;crop=smart&amp;auto=webp&amp;s=8999053dd7b19dcb26ad407ba54f8fa1989265b9', 'width': 216, 'height': 162}, {'url': 'https://external-preview.redd.it/I6cmFrT7rCaairMAKDOt2ScuCXR15Y3xSpimsiJTOr4.jpg?width=320&amp;crop=smart&amp;auto=webp&amp;s=e924262498dfded92b37a8f67b270da607bfb79e', 'width': 320, 'height': 240}, {'url': 'https://external-preview.redd.it/I6cmFrT7rCaairMAKDOt2ScuCXR15Y3xSpimsiJTOr4.jpg?width=640&amp;crop=smart&amp;auto=webp&amp;s=b35cbf5e036420a3b7c59077bd2fb4915c26614a', 'width': 640, 'height': 480}], 'variants': {}, 'id': 'Ppvpo9qCvI2gBGZtkv2XAaQ6uvV4F-nfVWRgcIMATCU'}], 'enabled': False}",[],[],False,False,False,False,,False,,,,t5_2qqjc,,,,e7we9f,True,,AustSakuraKyzor,,390,True,all_ads,False,[],False,,/r/todayilearned/comments/e7we9f/til_the_urban_legend_of_atari_burying_hundreds_of/,all_ads,False,https://www.cnet.com/news/success-atari-e-t-games-found-in-new-mexico-dump/,21846743,1575825588.0,3,,False,
,todayilearned,,t2_48c5510,False,,0,False,"TIL a golden chamber buried under a mountain in Japan contains water so pure it can dissolve metal, and it's helping scientists detect dying stars",[],r/todayilearned,False,6,,0,70.0,False,t3_e7ulrs,False,dark,,public,15592,0,{},140.0,,False,[],,False,False,,{},,False,15592,,True,https://b.thumbs.redditmedia.com/iBWvfFTx4oG2cPsvJz2rswLdx1ZD5sEQtYH-nODW4vU.jpg,False,,[],[],{},link,,False,,1575845815.0,text,6,,,text,businessinsider.com,True,,,,,,False,False,False,False,False,"{'images': [{'source': {'url': 'https://external-preview.redd.it/k2M8GYkiMdOx6aVcH4gvP3jCFShePBTBQvXf6EvbNHg.jpg?auto=webp&amp;s=3ec409f21584cb5ad9afe3f0aaf5576c5ce9643d', 'width': 1200, 'height': 600}, 'resolutions': [{'url': 'https://external-preview.redd.it/k2M8GYkiMdOx6aVcH4gvP3jCFShePBTBQvXf6EvbNHg.jpg?width=108&amp;crop=smart&amp;auto=webp&amp;s=7fd3862de859eef548fb5e003059c760baa06809', 'width': 108, 'height': 54}, {'url': 'https://external-preview.redd.it/k2M8GYkiMdOx6aVcH4gvP3jCFShePBTBQvXf6EvbNHg.jpg?width=216&amp;crop=smart&amp;auto=webp&amp;s=a7b586a08cdebe4a32ace60a42da4d237ec5be74', 'width': 216, 'height': 108}, {'url': 'https://external-preview.redd.it/k2M8GYkiMdOx6aVcH4gvP3jCFShePBTBQvXf6EvbNHg.jpg?width=320&amp;crop=smart&amp;auto=webp&amp;s=5dceaa3e1a383537abf58145c90ac2fe5b080d74', 'width': 320, 'height': 160}, {'url': 'https://external-preview.redd.it/k2M8GYkiMdOx6aVcH4gvP3jCFShePBTBQvXf6EvbNHg.jpg?width=640&amp;crop=smart&amp;auto=webp&amp;s=d453ccd2f730a2d996c04c7503556b48c28f4d57', 'width': 640, 'height': 320}, {'url': 'https://external-preview.redd.it/k2M8GYkiMdOx6aVcH4gvP3jCFShePBTBQvXf6EvbNHg.jpg?width=960&amp;crop=smart&amp;auto=webp&amp;s=2e27a59dd41c97ef1c2395817bee8dc07176e33e', 'width': 960, 'height': 480}, {'url': 'https://external-preview.redd.it/k2M8GYkiMdOx6aVcH4gvP3jCFShePBTBQvXf6EvbNHg.jpg?width=1080&amp;crop=smart&amp;auto=webp&amp;s=9ea98730d099217e8fa5f64d5c0a54f22927f08a', 'width': 1080, 'height': 540}], 'variants': {}, 'id': 'EgDBGoxIU-Gt1JG2CiE2t5iw07NwrzttxsPkQUdp5mM'}], 'enabled': False}",[],[],False,False,False,False,,False,,,,t5_2qqjc,,,,e7ulrs,True,,idea4granted,,758,True,all_ads,False,[],False,,/r/todayilearned/comments/e7ulrs/til_a_golden_chamber_buried_under_a_mountain_in/,all_ads,False,https://www.businessinsider.com/super-kamiokande-neutrino-detector-is-unbelievably-beautiful-2018-6,21846743,1575817015.0,4,,False,
,todayilearned,,t2_h284k,False,,0,False,"TIL That in 1991 Paul Reubens (Pee Wee Herman) was arrested by undercover detectives in Sarisota Florida for indecent exposure at a porn theater. Pee Wee made an appearance at the 1991 MTV VMAs and received a standing ovation after asking the audience, ""Heard any good jokes lately?""",[],r/todayilearned,False,6,,0,140.0,False,t3_e7txlh,False,dark,,public,30558,1,{},140.0,,False,[],,False,False,,{},,False,30558,,False,https://b.thumbs.redditmedia.com/ZIowKuMLd-SdbGLnD4Ovrseo7MxgcmY0ju53OxdzH4k.jpg,False,,[],[],{'gid_1': 1},link,,False,,1575841949.0,text,6,,,text,en.wikipedia.org,True,,,,,,False,False,False,False,False,"{'images': [{'source': {'url': 'https://external-preview.redd.it/_mbe4gGFC7jaUIPpajTtnbY6zDwh2Ycz0uQ6JHOtcxc.jpg?auto=webp&amp;s=72032496cf3cf410154c9a890d4661db93949df7', 'width': 220, 'height': 302}, 'resolutions': [{'url': 'https://external-preview.redd.it/_mbe4gGFC7jaUIPpajTtnbY6zDwh2Ycz0uQ6JHOtcxc.jpg?width=108&amp;crop=smart&amp;auto=webp&amp;s=c9b617ccbdffce96d1dd8a9935f830e8faab31de', 'width': 108, 'height': 148}, {'url': 'https://external-preview.redd.it/_mbe4gGFC7jaUIPpajTtnbY6zDwh2Ycz0uQ6JHOtcxc.jpg?width=216&amp;crop=smart&amp;auto=webp&amp;s=1964f7ce0e868a76ba5dee95d49f2f2d7c87e6a7', 'width': 216, 'height': 296}], 'variants': {}, 'id': 'aeupMZvgw4IqgZ5Z7OamndfbUSdpCFQ1SJT4mnpCy5I'}], 'enabled': False}","[{'count': 1, 'is_enabled': True, 'subreddit_id': None, 'description': ""Shows the Silver Award... and that's it."", 'end_date': None, 'award_sub_type': 'GLOBAL', 'coin_reward': 0, 'icon_url': 'https://www.redditstatic.com/gold/awards/icon/silver_512.png', 'days_of_premium': 0, 'is_new': False, 'id': 'gid_1', 'icon_height': 512, 'resized_icons': [{'url': 'https://www.redditstatic.com/gold/awards/icon/silver_16.png', 'width': 16, 'height': 16}, {'url': 'https://www.redditstatic.com/gold/awards/icon/silver_32.png', 'width': 32, 'height': 32}, {'url': 'https://www.redditstatic.com/gold/awards/icon/silver_48.png', 'width': 48, 'height': 48}, {'url': 'https://www.redditstatic.com/gold/awards/icon/silver_64.png', 'width': 64, 'height': 64}, {'url': 'https://www.redditstatic.com/gold/awards/icon/silver_128.png', 'width': 128, 'height': 128}], 'days_of_drip_extension': 0, 'award_type': 'global', 'start_date': None, 'coin_price': 100, 'icon_width': 512, 'subreddit_coin_reward': 0, 'name': 'Silver'}]",[],False,False,False,False,,False,,,,t5_2qqjc,,,,e7txlh,True,,finfangfoom1,,2344,True,all_ads,False,[],False,,/r/todayilearned/comments/e7txlh/til_that_in_1991_paul_reubens_pee_wee_herman_was/,all_ads,False,https://en.wikipedia.org/wiki/Pee-wee_Herman#Reubens'_1991_arrest,21846743,1575813149.0,2,,False,
,todayilearned,,t2_2ggohkh8,False,,0,False,"TIL that in Spearfish, South Dakota on January 22, 1943 at 7:30 am, it was -4 °F, then two minutes later, the temperature rose up to 45 °F. This is the fastest temperature change ever.",[],r/todayilearned,False,6,,0,78.0,False,t3_e7u6a0,False,dark,,public,6358,0,{},140.0,,False,[],,False,False,,{},,False,6358,,True,https://b.thumbs.redditmedia.com/zqkM5c-xzQ6ZfHDaDAKzilsbko-tN9vs69xcbPXMYEA.jpg,False,,[],[],{},link,,False,,1575843383.0,text,6,,,text,weathernationtv.com,True,,,,,,False,False,False,False,False,"{'images': [{'source': {'url': 'https://external-preview.redd.it/Iyc7YoWvLoYQKlc9Hy5QkJdknbWzX9TsdsQXGcRdAjI.jpg?auto=webp&amp;s=c9581981e8d4948f9c5d04a61fd9008fef547af9', 'width': 1920, 'height': 1080}, 'resolutions': [{'url': 'https://external-preview.redd.it/Iyc7YoWvLoYQKlc9Hy5QkJdknbWzX9TsdsQXGcRdAjI.jpg?width=108&amp;crop=smart&amp;auto=webp&amp;s=045d7cc5f5ebd8660d53250d8dd2735c26025467', 'width': 108, 'height': 60}, {'url': 'https://external-preview.redd.it/Iyc7YoWvLoYQKlc9Hy5QkJdknbWzX9TsdsQXGcRdAjI.jpg?width=216&amp;crop=smart&amp;auto=webp&amp;s=e7dcadc8356f185a2765a87d7dc8ef0fd02be8e1', 'width': 216, 'height': 121}, {'url': 'https://external-preview.redd.it/Iyc7YoWvLoYQKlc9Hy5QkJdknbWzX9TsdsQXGcRdAjI.jpg?width=320&amp;crop=smart&amp;auto=webp&amp;s=ac8394ba4a1611af03dca60dbd17da350a4b36f8', 'width': 320, 'height': 180}, {'url': 'https://external-preview.redd.it/Iyc7YoWvLoYQKlc9Hy5QkJdknbWzX9TsdsQXGcRdAjI.jpg?width=640&amp;crop=smart&amp;auto=webp&amp;s=228baac6c01b573adc0a337eaef91884474b3090', 'width': 640, 'height': 360}, {'url': 'https://external-preview.redd.it/Iyc7YoWvLoYQKlc9Hy5QkJdknbWzX9TsdsQXGcRdAjI.jpg?width=960&amp;crop=smart&amp;auto=webp&amp;s=672fa68c6f52c9abb183267adf74c6d5a15675ec', 'width': 960, 'height': 540}, {'url': 'https://external-preview.redd.it/Iyc7YoWvLoYQKlc9Hy5QkJdknbWzX9TsdsQXGcRdAjI.jpg?width=1080&amp;crop=smart&amp;auto=webp&amp;s=71930f429968223c765b0183308b2c08f1d53dfa', 'width': 1080, 'height': 607}], 'variants': {}, 'id': 'rPh4r4XX9C_7QYsQR2WqOeppujVOSh0vvCK75aTH0N8'}], 'enabled': False}",[],[],False,False,False,False,,False,,,,t5_2qqjc,,,,e7u6a0,True,,JustSomeGuy_Idk,,308,True,all_ads,False,[],False,,/r/todayilearned/comments/e7u6a0/til_that_in_spearfish_south_dakota_on_january_22/,all_ads,False,https://www.weathernationtv.com/news/day-spearfish-south-dakota-set-world-record/,21846743,1575814583.0,1,,False,
,todayilearned,,t2_43bcbu2m,False,,0,False,TIL that in 2015 A research study on the efficiency of mosquito repellents found that Victoria’s Secret’s Bombshell perfume actually repelled mosquito’s better than nearly all the other non-DEET products,[],r/todayilearned,False,6,,0,77.0,False,t3_e8832n,False,dark,,public,108,0,{},140.0,,False,[],,False,False,,{},,False,108,,False,https://a.thumbs.redditmedia.com/-cq3dQ1WoKf_Zc4-dLvqFWBy-vWryV-LX9ZVpcGlBI0.jpg,False,,[],[],{},link,,False,,1575914774.0,text,6,,,text,rakoza.com,False,,,,,,False,False,False,False,False,"{'images': [{'source': {'url': 'https://external-preview.redd.it/QfCCtAzWCuZbdflGV4iTvCKFqHy6U7MKmIDuD1x3zPc.jpg?auto=webp&amp;s=20984a0a82dbce31bba594b25a1cad94c1bfbd5f', 'width': 600, 'height': 332}, 'resolutions': [{'url': 'https://external-preview.redd.it/QfCCtAzWCuZbdflGV4iTvCKFqHy6U7MKmIDuD1x3zPc.jpg?width=108&amp;crop=smart&amp;auto=webp&amp;s=b55aba3acd4d946af1d6907f18ef26a1561c5e05', 'width': 108, 'height': 59}, {'url': 'https://external-preview.redd.it/QfCCtAzWCuZbdflGV4iTvCKFqHy6U7MKmIDuD1x3zPc.jpg?width=216&amp;crop=smart&amp;auto=webp&amp;s=7657668b5b4e9cc93179266084f9501387c74b4c', 'width': 216, 'height': 119}, {'url': 'https://external-preview.redd.it/QfCCtAzWCuZbdflGV4iTvCKFqHy6U7MKmIDuD1x3zPc.jpg?width=320&amp;crop=smart&amp;auto=webp&amp;s=78aee264ec273b298a59b32d6791fbb3fc9add9f', 'width': 320, 'height': 177}], 'variants': {}, 'id': 'i-neaUfEWpo6iOCHlL68V8we1lm03-F4NEDOmXZGJv8'}], 'enabled': False}",[],[],False,False,False,False,,False,,,,t5_2qqjc,,,,e8832n,True,,2020myyear,,12,True,all_ads,False,[],False,,/r/todayilearned/comments/e8832n/til_that_in_2015_a_research_study_on_the/,all_ads,False,https://rakoza.com/mosquitoes-absolutely-hate-victorias-secret-perfume/,21846743,1575885974.0,0,,False,
,todayilearned,,t2_mgj4z8r,False,,0,False,"TIL a dead 13-foot shark, floating in a tank of formaldehyde, was found by a YouTuber while breaking into an abandoned wildlife park in Australia.",[],r/todayilearned,False,6,,0,78.0,False,t3_e85zp9,False,dark,,public,209,0,{},140.0,,False,[],,False,False,,{},,False,209,,False,https://b.thumbs.redditmedia.com/NZMMnYO1Ms3Z0Sqvm3fT2FiRTRsIb39ww6uRGMn5MhA.jpg,False,,[],[],{},link,,False,,1575900299.0,text,6,,,text,vice.com,False,,,,,,False,False,False,False,False,"{'images': [{'source': {'url': 'https://external-preview.redd.it/LzPIIAZNF7ud2PuQrNWbybGeXFflIIgl2jSmWQ2oOqs.jpg?auto=webp&amp;s=84e415acba2bdb8751dce439b312ba99ca093776', 'width': 1200, 'height': 674}, 'resolutions': [{'url': 'https://external-preview.redd.it/LzPIIAZNF7ud2PuQrNWbybGeXFflIIgl2jSmWQ2oOqs.jpg?width=108&amp;crop=smart&amp;auto=webp&amp;s=31fcf8287898f93600239036aac0a120efe150d6', 'width': 108, 'height': 60}, {'url': 'https://external-preview.redd.it/LzPIIAZNF7ud2PuQrNWbybGeXFflIIgl2jSmWQ2oOqs.jpg?width=216&amp;crop=smart&amp;auto=webp&amp;s=d5211aa6665638594aa95b74c4cbbab3f6c13a72', 'width': 216, 'height': 121}, {'url': 'https://external-preview.redd.it/LzPIIAZNF7ud2PuQrNWbybGeXFflIIgl2jSmWQ2oOqs.jpg?width=320&amp;crop=smart&amp;auto=webp&amp;s=e685792fe9343d725e407189fe8b478271cfbef6', 'width': 320, 'height': 179}, {'url': 'https://external-preview.redd.it/LzPIIAZNF7ud2PuQrNWbybGeXFflIIgl2jSmWQ2oOqs.jpg?width=640&amp;crop=smart&amp;auto=webp&amp;s=e8d354c5cf39d1031f2aafb50a7a5a712df56e9b', 'width': 640, 'height': 359}, {'url': 'https://external-preview.redd.it/LzPIIAZNF7ud2PuQrNWbybGeXFflIIgl2jSmWQ2oOqs.jpg?width=960&amp;crop=smart&amp;auto=webp&amp;s=5695d928edda8a7b4da1adf6d8007e2ff75b11ad', 'width': 960, 'height': 539}, {'url': 'https://external-preview.redd.it/LzPIIAZNF7ud2PuQrNWbybGeXFflIIgl2jSmWQ2oOqs.jpg?width=1080&amp;crop=smart&amp;auto=webp&amp;s=2b57bd7c39aaaec2aa4521d27b769f41b99f0a68', 'width': 1080, 'height': 606}], 'variants': {}, 'id': '3NKk1-V1hGQPHZ7fbLp1UWKfmSj66GU0FRNUPMgcF7U'}], 'enabled': False}",[],[],False,False,False,False,,False,,,,t5_2qqjc,,,,e85zp9,True,,inkzillathevampsquid,,45,True,all_ads,False,[],False,,/r/todayilearned/comments/e85zp9/til_a_dead_13foot_shark_floating_in_a_tank_of/,all_ads,False,https://www.vice.com/en_us/article/bjqje4/this-abandoned-melbourne-wildlife-park-features-a-decaying-shark,21846743,1575871499.0,1,,False,
,todayilearned,,t2_43bcbu2m,False,,0,False,"TIL that Since 1979, Jadav Payeng aka The Forest Man of India has been planting trees every day on the island of Majuli and Jorhat. In that time, he has built a forest reserve covering 1,360 acres and now that place has its own ecosystem.",[],r/todayilearned,False,6,,0,78.0,False,t3_e85l04,False,dark,,public,191,0,{},140.0,,False,[],,False,False,,{},,False,191,,False,https://b.thumbs.redditmedia.com/sG0OfC-HWOXiDwSmh-wcxLNp-FeKIq3FWwC0lbAO2gI.jpg,False,,[],[],{},link,,False,,1575897922.0,text,6,,,text,rakoza.com,False,,,,,,False,False,False,False,False,"{'images': [{'source': {'url': 'https://external-preview.redd.it/d5ABfELHB0w90L5ewTtN3AKXWDUh1744Gz6HhE345jo.jpg?auto=webp&amp;s=c2ae514fb73dd3bc0339db4e2d2d69cbb1d40e92', 'width': 647, 'height': 363}, 'resolutions': [{'url': 'https://external-preview.redd.it/d5ABfELHB0w90L5ewTtN3AKXWDUh1744Gz6HhE345jo.jpg?width=108&amp;crop=smart&amp;auto=webp&amp;s=c5cf4ebd5b9b35e042567758f70a8405b049f3ca', 'width': 108, 'height': 60}, {'url': 'https://external-preview.redd.it/d5ABfELHB0w90L5ewTtN3AKXWDUh1744Gz6HhE345jo.jpg?width=216&amp;crop=smart&amp;auto=webp&amp;s=107c8a64d21921cd5ebe0d6ce7f3ea2b051176fc', 'width': 216, 'height': 121}, {'url': 'https://external-preview.redd.it/d5ABfELHB0w90L5ewTtN3AKXWDUh1744Gz6HhE345jo.jpg?width=320&amp;crop=smart&amp;auto=webp&amp;s=e5def7e9a4ce1dbdb8f6bc59347fb1858dce2ee3', 'width': 320, 'height': 179}, {'url': 'https://external-preview.redd.it/d5ABfELHB0w90L5ewTtN3AKXWDUh1744Gz6HhE345jo.jpg?width=640&amp;crop=smart&amp;auto=webp&amp;s=8c544a77b005263cda1b1c5ae86cae0539bfd253', 'width': 640, 'height': 359}], 'variants': {}, 'id': 'vUchClfHKEBPwho8Y-5QRBzJfv0Sq4R3ohMIqh3iIE4'}], 'enabled': False}",[],[],False,False,False,False,,False,,,,t5_2qqjc,,,,e85l04,True,,2020myyear,,5,True,all_ads,False,[],False,,/r/todayilearned/comments/e85l04/til_that_since_1979_jadav_payeng_aka_the_forest/,all_ads,False,https://rakoza.com/a-lifetime-of-planting-trees-on-a-remote-river-island-meet-indias-forest-man/,21846743,1575869122.0,0,,False,
,todayilearned,,t2_3sgd8g23,False,,0,False,"TIL, Joseph Beyrle, an American Paratrooper, fought for both the US and the Soviet Union in WW2. He was captured in Normandy, sent to a POW Camp, escaped, joined the Red Army and liberated the camp he had just escaped from. He later met Marshal Zhukov and won the Purple Heart for his Service.",[],r/todayilearned,False,6,,0,140.0,False,t3_e7t0dj,False,dark,,public,4020,0,{},140.0,,False,[],,False,False,,{},,False,4020,,False,https://b.thumbs.redditmedia.com/84aW1WrleJTMnZnxU6EOqZCEbWPAJ0W6epXcb6xkimk.jpg,False,,[],[],{},link,,False,,1575835647.0,text,6,,,text,en.wikipedia.org,True,,,,,,False,False,False,False,False,"{'images': [{'source': {'url': 'https://external-preview.redd.it/n61VIE7HwLRl7BXn9UjOovZYJ4BjhFhtUDQjecJU0qw.jpg?auto=webp&amp;s=4fb9958539c462539443779634f36c5bc0087def', 'width': 220, 'height': 260}, 'resolutions': [{'url': 'https://external-preview.redd.it/n61VIE7HwLRl7BXn9UjOovZYJ4BjhFhtUDQjecJU0qw.jpg?width=108&amp;crop=smart&amp;auto=webp&amp;s=c15496733d7a11c6cd21ad8c583eb72059303096', 'width': 108, 'height': 127}, {'url': 'https://external-preview.redd.it/n61VIE7HwLRl7BXn9UjOovZYJ4BjhFhtUDQjecJU0qw.jpg?width=216&amp;crop=smart&amp;auto=webp&amp;s=a7b2d94b02424b44e4a1fe88396a852bed252773', 'width': 216, 'height': 255}], 'variants': {}, 'id': 'uJOfYR2DBlK3ayAf9j24owzZU2iBj05HII1SpVLy738'}], 'enabled': False}",[],[],False,False,False,False,,False,,,,t5_2qqjc,,,,e7t0dj,True,,Bobby-Fischerr,,95,True,all_ads,False,[],False,,/r/todayilearned/comments/e7t0dj/til_joseph_beyrle_an_american_paratrooper_fought/,all_ads,False,https://en.wikipedia.org/wiki/Joseph_Beyrle,21846743,1575806847.0,2,,False,
,todayilearned,,t2_534f9e0m,False,,0,False,"TIL that even though they shared the role of Michelle Tanner on ""Full House"" for almost eight years, Mary-Kate and Ashley Olsen aren't identical twins. They're fraternal twins.",[],r/todayilearned,False,6,,0,110.0,False,t3_e7vhf2,False,dark,,public,1713,0,{},140.0,,False,[],,False,False,,{},,False,1713,,False,https://b.thumbs.redditmedia.com/iVs7PWSiAcssZUrBAnwG-NhmxZ-EbRwQrCozKxLXGnw.jpg,False,,[],[],{},link,,False,,1575850201.0,text,6,,,text,en.wikipedia.org,True,,,,,,False,False,False,False,False,"{'images': [{'source': {'url': 'https://external-preview.redd.it/_ndIP818dlDQLnpmATgZfhQUWD8NuZRoyxE-iQEf2qQ.jpg?auto=webp&amp;s=e846fd38723e3c4ba1a8b31663673ab3ee375072', 'width': 220, 'height': 173}, 'resolutions': [{'url': 'https://external-preview.redd.it/_ndIP818dlDQLnpmATgZfhQUWD8NuZRoyxE-iQEf2qQ.jpg?width=108&amp;crop=smart&amp;auto=webp&amp;s=6e4735fbb6a075df6eaf22678f0e3fb9ad83d9e5', 'width': 108, 'height': 84}, {'url': 'https://external-preview.redd.it/_ndIP818dlDQLnpmATgZfhQUWD8NuZRoyxE-iQEf2qQ.jpg?width=216&amp;crop=smart&amp;auto=webp&amp;s=8f4512115538d58c3292301babe596deda29cb1b', 'width': 216, 'height': 169}], 'variants': {}, 'id': 'FS85n6sGAvLHxqqzAD5Npzg5PtIKuHlr2M02sl7Xmxc'}], 'enabled': False}",[],[],False,False,False,False,,False,,,,t5_2qqjc,,,,e7vhf2,True,,RMSBritannic,,151,True,all_ads,False,[],False,,/r/todayilearned/comments/e7vhf2/til_that_even_though_they_shared_the_role_of/,all_ads,False,https://en.wikipedia.org/wiki/Mary-Kate_and_Ashley_Olsen#Life_and_career,21846743,1575821401.0,1,,False,
,todayilearned,,t2_pko0t,False,,0,False,"TIL Lego didn't invent interlocking bricks, they just copied them from a toy that wasn't patented in Denmark",[],r/todayilearned,False,6,,0,140.0,False,t3_e7z50t,False,dark,,public,721,0,{},140.0,,False,[],,False,False,,{},,False,721,,False,https://b.thumbs.redditmedia.com/4sF02tcll-gQJGrW5utHdJZlNovVc8jfWO-eJkS6M-M.jpg,False,,[],[],{},link,,False,,1575866533.0,text,6,,,text,en.wikipedia.org,True,,,,,,False,False,False,False,False,"{'images': [{'source': {'url': 'https://external-preview.redd.it/pvIjXlOY4kv6wGhuC886TdJnNF37FaMiEeiBSfntnhE.jpg?auto=webp&amp;s=c530badfcd043d2a5167c623202e367e1c6ee197', 'width': 1200, 'height': 1200}, 'resolutions': [{'url': 'https://external-preview.redd.it/pvIjXlOY4kv6wGhuC886TdJnNF37FaMiEeiBSfntnhE.jpg?width=108&amp;crop=smart&amp;auto=webp&amp;s=e3358bda206e1233052f9bc92efcd16f7e8245d2', 'width': 108, 'height': 108}, {'url': 'https://external-preview.redd.it/pvIjXlOY4kv6wGhuC886TdJnNF37FaMiEeiBSfntnhE.jpg?width=216&amp;crop=smart&amp;auto=webp&amp;s=d63f5258fdcf6e9b5c812320cf7b35477d60b912', 'width': 216, 'height': 216}, {'url': 'https://external-preview.redd.it/pvIjXlOY4kv6wGhuC886TdJnNF37FaMiEeiBSfntnhE.jpg?width=320&amp;crop=smart&amp;auto=webp&amp;s=863654dd5d362616b99fe9e9d92ae2baf3920154', 'width': 320, 'height': 320}, {'url': 'https://external-preview.redd.it/pvIjXlOY4kv6wGhuC886TdJnNF37FaMiEeiBSfntnhE.jpg?width=640&amp;crop=smart&amp;auto=webp&amp;s=2017cf82b0818e9ec1f347b64fd08a7541d61fc1', 'width': 640, 'height': 640}, {'url': 'https://external-preview.redd.it/pvIjXlOY4kv6wGhuC886TdJnNF37FaMiEeiBSfntnhE.jpg?width=960&amp;crop=smart&amp;auto=webp&amp;s=65e2bd3bf7c78b48923294cb87b5cb3123005402', 'width': 960, 'height': 960}, {'url': 'https://external-preview.redd.it/pvIjXlOY4kv6wGhuC886TdJnNF37FaMiEeiBSfntnhE.jpg?width=1080&amp;crop=smart&amp;auto=webp&amp;s=f1219e7eb622936429b4c8f54b30bc8b29a7c0e1', 'width': 1080, 'height': 1080}], 'variants': {}, 'id': 'W-DD4VfL1AdRJS651sAW9SEWIl8MkghwODlt2uSEC1Q'}], 'enabled': False}",[],[],False,False,False,False,,False,,,,t5_2qqjc,,,,e7z50t,True,,ploppyjim,,65,False,all_ads,False,[],False,,/r/todayilearned/comments/e7z50t/til_lego_didnt_invent_interlocking_bricks_they/,all_ads,False,https://en.wikipedia.org/wiki/Lego_timeline,21846743,1575837733.0,1,,False,
,todayilearned,,t2_12himl,False,,0,False,TIL Wisconsin has 10 of the top 20 Drunkest Cities in America.,[],r/todayilearned,False,6,,0,78.0,False,t3_e826wx,False,dark,,public,355,0,{},140.0,,False,[],,False,False,,{},,False,355,,False,https://b.thumbs.redditmedia.com/JS1g-XpvoolXoQ664T3D3dvz9H6vHl9aK_2Vcv1AI5I.jpg,False,,[],[],{},link,,False,,1575880488.0,text,6,,,text,usatoday.com,False,,,,,,False,False,False,False,False,"{'images': [{'source': {'url': 'https://external-preview.redd.it/j8OxAUoNbqEeSiZkf-Ew3XxE6y-pOm04KY9N92TJRWA.jpg?auto=webp&amp;s=7fcf32d7199d6b918dfd17e087c508c594324a0c', 'width': 768, 'height': 432}, 'resolutions': [{'url': 'https://external-preview.redd.it/j8OxAUoNbqEeSiZkf-Ew3XxE6y-pOm04KY9N92TJRWA.jpg?width=108&amp;crop=smart&amp;auto=webp&amp;s=b476c40f8abf082089de7236f4344ded1089a7af', 'width': 108, 'height': 60}, {'url': 'https://external-preview.redd.it/j8OxAUoNbqEeSiZkf-Ew3XxE6y-pOm04KY9N92TJRWA.jpg?width=216&amp;crop=smart&amp;auto=webp&amp;s=e924bf25eff514a211c1018e7f19b581e1cb31f3', 'width': 216, 'height': 121}, {'url': 'https://external-preview.redd.it/j8OxAUoNbqEeSiZkf-Ew3XxE6y-pOm04KY9N92TJRWA.jpg?width=320&amp;crop=smart&amp;auto=webp&amp;s=fb4a8ede17018860e992da6befd5ef777e2f7f8e', 'width': 320, 'height': 180}, {'url': 'https://external-preview.redd.it/j8OxAUoNbqEeSiZkf-Ew3XxE6y-pOm04KY9N92TJRWA.jpg?width=640&amp;crop=smart&amp;auto=webp&amp;s=e66ee1c6941cc73afc588f7c26bbf31cbf0806a7', 'width': 640, 'height': 360}], 'variants': {}, 'id': 'qd6cg59aJmSyO31gB0lqGfouBqcsCX0fNixcsgu_rtQ'}], 'enabled': False}",[],[],False,False,False,False,,False,,,,t5_2qqjc,,,,e826wx,True,,AquaMidnight,,83,True,all_ads,False,[],False,,/r/todayilearned/comments/e826wx/til_wisconsin_has_10_of_the_top_20_drunkest/,all_ads,False,https://www.usatoday.com/story/money/food/2018/05/15/the-drunkest-and-driest-cities-in-america/34901003/,21846743,1575851688.0,1,,False,
,todayilearned,,t2_s5wa1,False,,0,False,TIL That the coldest temperature recorded was -144°F in Vostok Antartica. Humans can’t inhale air that cold for more than a few breaths—it would cause your lungs to hemorrhage. Russian scientists ducking out to check on the weather station would wear masks that warmed the air before they breath in.,[],r/todayilearned,False,6,,0,93.0,False,t3_e7qiyw,False,dark,,public,43525,0,{},140.0,,False,[],,False,False,,{},,False,43525,,True,https://b.thumbs.redditmedia.com/Ds6WRhkHIPzpCAkCWelAjxzGbNQhHrKFu_6_mQIyJwk.jpg,False,,[],[],{},link,,False,,1575816006.0,text,6,,,text,nationalgeographic.com,True,,,,,,False,False,False,False,False,"{'images': [{'source': {'url': 'https://external-preview.redd.it/3sSTrNcPvM9HXY29xMTZ0BKNwZrxdq9SLwI7uIFJqWg.jpg?auto=webp&amp;s=a84015935d1c0722e8b034043bbedfd0a04d4b6c', 'width': 1900, 'height': 1266}, 'resolutions': [{'url': 'https://external-preview.redd.it/3sSTrNcPvM9HXY29xMTZ0BKNwZrxdq9SLwI7uIFJqWg.jpg?width=108&amp;crop=smart&amp;auto=webp&amp;s=0bf8a163994b5f426ffb649f5e3ca240687035a2', 'width': 108, 'height': 71}, {'url': 'https://external-preview.redd.it/3sSTrNcPvM9HXY29xMTZ0BKNwZrxdq9SLwI7uIFJqWg.jpg?width=216&amp;crop=smart&amp;auto=webp&amp;s=343e47a0eee44123dcad36e308c747e7c4013dd7', 'width': 216, 'height': 143}, {'url': 'https://external-preview.redd.it/3sSTrNcPvM9HXY29xMTZ0BKNwZrxdq9SLwI7uIFJqWg.jpg?width=320&amp;crop=smart&amp;auto=webp&amp;s=b1cd8d5f1a4188171f6385000fc994480f179eb0', 'width': 320, 'height': 213}, {'url': 'https://external-preview.redd.it/3sSTrNcPvM9HXY29xMTZ0BKNwZrxdq9SLwI7uIFJqWg.jpg?width=640&amp;crop=smart&amp;auto=webp&amp;s=deef38b61ab821d70527d922b43be8836f4f34ad', 'width': 640, 'height': 426}, {'url': 'https://external-preview.redd.it/3sSTrNcPvM9HXY29xMTZ0BKNwZrxdq9SLwI7uIFJqWg.jpg?width=960&amp;crop=smart&amp;auto=webp&amp;s=fb8bdcac6390e995559360e5b8a9dbc78e40f3ef', 'width': 960, 'height': 639}, {'url': 'https://external-preview.redd.it/3sSTrNcPvM9HXY29xMTZ0BKNwZrxdq9SLwI7uIFJqWg.jpg?width=1080&amp;crop=smart&amp;auto=webp&amp;s=1d67d3ff1eb1a674f6759e28cafc23374da7ce05', 'width': 1080, 'height': 719}], 'variants': {}, 'id': 'w_Qwg7lUeqwwk_f9gqIRb7SRhxmbAjR7t03EGLsnpK0'}], 'enabled': False}",[],[],False,False,False,False,,False,,,,t5_2qqjc,,,,e7qiyw,True,,BeachSamurai,,1985,True,all_ads,False,[],False,,/r/todayilearned/comments/e7qiyw/til_that_the_coldest_temperature_recorded_was/,all_ads,False,https://www.nationalgeographic.com/news/2018/06/coldest-place-earth-measured-temperature-antarctica-science/,21846743,1575787206.0,9,,False,
,todayilearned,,t2_ov3dd,False,,0,False,"TIL that Winnie Mandela, wife of Nelson Mandela, operated private security called the Mandela United Football Club, which was responsible for kidnappings, torture, and murder, including that of a 14 year old boy. She is said to be responsible for at least 15 deaths.",[],r/todayilearned,False,6,,0,73.0,False,t3_e7znks,False,dark,,public,531,0,{},140.0,,False,[],,False,False,,{},,False,531,,False,https://b.thumbs.redditmedia.com/b_07qiG2lOGpgJY7J6D4AqoCSpWLunnvNdNxmfyb9yo.jpg,False,,[],[],{},link,,False,,1575868750.0,text,6,,,text,nytimes.com,True,,,,,,False,False,False,False,False,"{'images': [{'source': {'url': 'https://external-preview.redd.it/5l5zRucPAXhSfnN2BlgUfFRq5iXyo-DmDEcB7bDQb8s.jpg?auto=webp&amp;s=28a3d219633ada01ef101a11284147e11ce10dfd', 'width': 1200, 'height': 630}, 'resolutions': [{'url': 'https://external-preview.redd.it/5l5zRucPAXhSfnN2BlgUfFRq5iXyo-DmDEcB7bDQb8s.jpg?width=108&amp;crop=smart&amp;auto=webp&amp;s=4a50984563311f786af56b12b8a5a19fbedd0bfc', 'width': 108, 'height': 56}, {'url': 'https://external-preview.redd.it/5l5zRucPAXhSfnN2BlgUfFRq5iXyo-DmDEcB7bDQb8s.jpg?width=216&amp;crop=smart&amp;auto=webp&amp;s=7d55558f6fddbdde0f795acb97502519c3d004ac', 'width': 216, 'height': 113}, {'url': 'https://external-preview.redd.it/5l5zRucPAXhSfnN2BlgUfFRq5iXyo-DmDEcB7bDQb8s.jpg?width=320&amp;crop=smart&amp;auto=webp&amp;s=a093b3a0c86ffa22f0cf741912f5e30fbbf1dbce', 'width': 320, 'height': 168}, {'url': 'https://external-preview.redd.it/5l5zRucPAXhSfnN2BlgUfFRq5iXyo-DmDEcB7bDQb8s.jpg?width=640&amp;crop=smart&amp;auto=webp&amp;s=f279e98237fdb384abc475d885f1e13fdbeb7016', 'width': 640, 'height': 336}, {'url': 'https://external-preview.redd.it/5l5zRucPAXhSfnN2BlgUfFRq5iXyo-DmDEcB7bDQb8s.jpg?width=960&amp;crop=smart&amp;auto=webp&amp;s=9c51bf162b919b09ab38d77b3d82481a304c0324', 'width': 960, 'height': 504}, {'url': 'https://external-preview.redd.it/5l5zRucPAXhSfnN2BlgUfFRq5iXyo-DmDEcB7bDQb8s.jpg?width=1080&amp;crop=smart&amp;auto=webp&amp;s=421642d08db15e4f0c4836aa78eba4d2dbf57f23', 'width': 1080, 'height': 567}], 'variants': {}, 'id': 'OBI336OeUUGv9cIuUKb2x6Hg6JAnV5_KtHLFvob8fjk'}], 'enabled': False}",[],[],False,False,False,False,,False,,,,t5_2qqjc,,,,e7znks,True,,thisismycuntaccount,,99,False,all_ads,False,[],False,,/r/todayilearned/comments/e7znks/til_that_winnie_mandela_wife_of_nelson_mandela/,all_ads,False,https://www.nytimes.com/1997/12/04/world/winnie-mandela-s-ex-bodyguard-tells-of-killings-she-ordered.html,21846743,1575839950.0,1,,False,
,todayilearned,,t2_3w9wb2uj,False,,0,False,"TIL: During the Siege of Leningrad, when hundreds of thousands starved, the authorities distinguished between two legal categories of cannibalism, those who murdered someone in order to eat them, and those who ate of a corpse that was already dead.",[],r/todayilearned,False,6,,0,102.0,False,t3_e86j04,False,dark,,public,88,0,{},140.0,,False,[],,False,False,,{},,False,88,,False,https://b.thumbs.redditmedia.com/ESjSl6ek2-pOJWPPvzxPcuK6nRQCo0OJufkrh-u05AM.jpg,False,,[],[],{},link,,False,,1575903674.0,text,6,,,text,en.wikipedia.org,False,,,,,,False,False,False,False,False,"{'images': [{'source': {'url': 'https://external-preview.redd.it/Gx4OtLzdWcWZqB3GI-94ktofSBbL9CxGV1sKri0jOzo.jpg?auto=webp&amp;s=eb86da21277fc3a089ec26f0917520f51e1f3c0e', 'width': 300, 'height': 220}, 'resolutions': [{'url': 'https://external-preview.redd.it/Gx4OtLzdWcWZqB3GI-94ktofSBbL9CxGV1sKri0jOzo.jpg?width=108&amp;crop=smart&amp;auto=webp&amp;s=37c471623e83a169629e4f8ff284992cc503a4ab', 'width': 108, 'height': 79}, {'url': 'https://external-preview.redd.it/Gx4OtLzdWcWZqB3GI-94ktofSBbL9CxGV1sKri0jOzo.jpg?width=216&amp;crop=smart&amp;auto=webp&amp;s=e2672b0afd18cb8df038249a1f50ddb0178c589a', 'width': 216, 'height': 158}], 'variants': {}, 'id': 'xGatFrtaIAwXY1A90RUyvan0x_iPmLbXBCPmoBzYAk8'}], 'enabled': False}",[],[],False,False,False,False,,False,,,,t5_2qqjc,,,,e86j04,True,,against-cops,,9,True,all_ads,False,[],False,,/r/todayilearned/comments/e86j04/til_during_the_siege_of_leningrad_when_hundreds/,all_ads,False,https://en.wikipedia.org/wiki/Siege_of_Leningrad#Cannibalism,21846743,1575874874.0,0,,False,
,todayilearned,,t2_gs4d9,False,,0,False,"TIL actress Glynis Johns originally thought she was being offered the role of Mary Poppins. To soften the blow of telling her she was being cast as Mrs. Banks, Walt Disney announced she'd get her own song, then quickly called the film's songwriters, who adapted a deleted song into Sister Suffragette",[],r/todayilearned,False,6,,0,,False,t3_e7vopv,False,dark,,public,1175,0,{},,,False,[],,False,False,,{},,False,1175,,True,default,False,points points-1 q-GmXa3Z,[],[],{},,,False,,1575851170.0,text,6,,,text,en.wikipedia.org,True,,,,,,False,False,False,False,False,,[],[],False,False,False,False,3,False,,,,t5_2qqjc,,,,e7vopv,True,,holyfruits,,39,True,all_ads,False,[],False,dark,/r/todayilearned/comments/e7vopv/til_actress_glynis_johns_originally_thought_she/,all_ads,False,https://en.wikipedia.org/wiki/Sister_Suffragette,21846743,1575822370.0,0,,False,
,todayilearned,,t2_3hg856o6,False,,0,False,"TIL about Vincent Kosuga, an American Onion farmer that made so much money from trading Onion futures, the United States passed the ""Onion Futures Act'' banning the practice of trading Onion futures.",[],r/todayilearned,False,6,,0,,False,t3_e83g88,False,dark,,public,189,0,{},,,False,[],,False,False,,{},,False,189,,False,default,False,,[],[],{},,,False,,1575886772.0,text,6,,,text,en.wikipedia.org,False,,,,,,False,False,False,False,False,,[],[],False,False,False,False,,False,,,,t5_2qqjc,,,,e83g88,True,,InfiniteAccuracy,,24,True,all_ads,False,[],False,,/r/todayilearned/comments/e83g88/til_about_vincent_kosuga_an_american_onion_farmer/,all_ads,False,https://en.wikipedia.org/wiki/Vincent_Kosuga,21846743,1575857972.0,0,,False,
,todayilearned,,t2_3uf5pcg9,False,,1,False,"TIL in 1956 two young girls who were obsessed with Elvis Presley went missing after going to see ""Love Me Tender"" for the 15th time. Elvis was so concerned that he issued a public appeal over the radio pleading with them to be “good Presley fans and go home and ease their mother's worries"".",[],r/todayilearned,False,6,,0,99.0,False,t3_e7qkbe,False,dark,,public,9269,1,{},140.0,,False,[],,False,False,,{},,False,9269,,True,https://b.thumbs.redditmedia.com/gTFKUyT_ylPXvh5O33LMAzX-sYNMi7O2ToGrcMtW5dk.jpg,False,,[],[],{'gid_2': 1},link,,False,,1575816276.0,text,6,,,text,thecurrentatahs.com,True,,,,,,False,False,False,False,False,"{'images': [{'source': {'url': 'https://external-preview.redd.it/CzTPP1FbOEC8k6Njx6v_ltjUFxsZX4lzf2OAsfCUlHQ.jpg?auto=webp&amp;s=4e7c90e3d7b57fe3cff472ce2431b8aad5b06dcc', 'width': 800, 'height': 569}, 'resolutions': [{'url': 'https://external-preview.redd.it/CzTPP1FbOEC8k6Njx6v_ltjUFxsZX4lzf2OAsfCUlHQ.jpg?width=108&amp;crop=smart&amp;auto=webp&amp;s=fb7b21b2cb458b696da6b538ced86db0fea3109f', 'width': 108, 'height': 76}, {'url': 'https://external-preview.redd.it/CzTPP1FbOEC8k6Njx6v_ltjUFxsZX4lzf2OAsfCUlHQ.jpg?width=216&amp;crop=smart&amp;auto=webp&amp;s=7551ab24294c7a4b430515e064028738594ca02a', 'width': 216, 'height': 153}, {'url': 'https://external-preview.redd.it/CzTPP1FbOEC8k6Njx6v_ltjUFxsZX4lzf2OAsfCUlHQ.jpg?width=320&amp;crop=smart&amp;auto=webp&amp;s=442b891fea98ca25908f43f06dc3eaa49330c11a', 'width': 320, 'height': 227}, {'url': 'https://external-preview.redd.it/CzTPP1FbOEC8k6Njx6v_ltjUFxsZX4lzf2OAsfCUlHQ.jpg?width=640&amp;crop=smart&amp;auto=webp&amp;s=b6a221bf930b2a4c8b1c854049f7246343e591b9', 'width': 640, 'height': 455}], 'variants': {}, 'id': 'Vw6pXti2h97JQ07YY5bbK4IyKfUGlP2O3ir5bcPlBs8'}], 'enabled': False}","[{'count': 1, 'is_enabled': True, 'subreddit_id': None, 'description': 'Gives the author a week of Reddit Premium, %{coin_symbol}100 Coins to do with as they please, and shows a Gold Award.', 'end_date': None, 'award_sub_type': 'GLOBAL', 'coin_reward': 100, 'icon_url': 'https://www.redditstatic.com/gold/awards/icon/gold_512.png', 'days_of_premium': 7, 'is_new': False, 'id': 'gid_2', 'icon_height': 512, 'resized_icons': [{'url': 'https://www.redditstatic.com/gold/awards/icon/gold_16.png', 'width': 16, 'height': 16}, {'url': 'https://www.redditstatic.com/gold/awards/icon/gold_32.png', 'width': 32, 'height': 32}, {'url': 'https://www.redditstatic.com/gold/awards/icon/gold_48.png', 'width': 48, 'height': 48}, {'url': 'https://www.redditstatic.com/gold/awards/icon/gold_64.png', 'width': 64, 'height': 64}, {'url': 'https://www.redditstatic.com/gold/awards/icon/gold_128.png', 'width': 128, 'height': 128}], 'days_of_drip_extension': 0, 'award_type': 'global', 'start_date': None, 'coin_price': 500, 'icon_width': 512, 'subreddit_coin_reward': 0, 'name': 'Gold'}]",[],False,False,False,False,,False,,,,t5_2qqjc,,,,e7qkbe,True,,Doodlebug510,,221,True,all_ads,False,[],False,,/r/todayilearned/comments/e7qkbe/til_in_1956_two_young_girls_who_were_obsessed/,all_ads,False,https://thecurrentatahs.com/5032/unsolved/the-grisly-murder-of-the-grimes-sisters/,21846743,1575787476.0,3,,False,
,todayilearned,,t2_7fiaj,False,,0,False,"TIL NASA sent actor and Puppeteer Caroll Spinney a letter asking if he’d be interested in flying in space as Big Bird to get kids interested in space travel, do to the size of the costume this idea was scrubbed and the spot on the Space Shuttle Challenger later went to Christa McAuliffe",[],r/todayilearned,False,6,,0,73.0,False,t3_e83b6i,False,dark,,public,168,0,{},140.0,,False,[],,False,False,,{},,False,168,,True,https://b.thumbs.redditmedia.com/MUgVDsHWNyMgW_SbVefbl87fDSr-r19dowIZ6-8hLzo.jpg,False,,[],[],{},link,,False,,1575886068.0,text,6,,,text,nbcnews.com,False,,,,,,False,False,False,False,False,"{'images': [{'source': {'url': 'https://external-preview.redd.it/eWw4W9qITwqD3oDHfD8POa4gWd9z4aVFshHbkEAesAg.jpg?auto=webp&amp;s=fecfa1c8a1c3b8b1797d2179923f53584e3b12de', 'width': 1200, 'height': 630}, 'resolutions': [{'url': 'https://external-preview.redd.it/eWw4W9qITwqD3oDHfD8POa4gWd9z4aVFshHbkEAesAg.jpg?width=108&amp;crop=smart&amp;auto=webp&amp;s=c9a5fe782593abdca7b5c36e54ed52420fd24964', 'width': 108, 'height': 56}, {'url': 'https://external-preview.redd.it/eWw4W9qITwqD3oDHfD8POa4gWd9z4aVFshHbkEAesAg.jpg?width=216&amp;crop=smart&amp;auto=webp&amp;s=1eca47002e959d5c2a8ef8ebaf9cfc0842b869bc', 'width': 216, 'height': 113}, {'url': 'https://external-preview.redd.it/eWw4W9qITwqD3oDHfD8POa4gWd9z4aVFshHbkEAesAg.jpg?width=320&amp;crop=smart&amp;auto=webp&amp;s=ced9fa95e7240b2b1b6b78d74f62523e4b0a74fd', 'width': 320, 'height': 168}, {'url': 'https://external-preview.redd.it/eWw4W9qITwqD3oDHfD8POa4gWd9z4aVFshHbkEAesAg.jpg?width=640&amp;crop=smart&amp;auto=webp&amp;s=96f676614e08ed800da026dbedfbf0944e5295d1', 'width': 640, 'height': 336}, {'url': 'https://external-preview.redd.it/eWw4W9qITwqD3oDHfD8POa4gWd9z4aVFshHbkEAesAg.jpg?width=960&amp;crop=smart&amp;auto=webp&amp;s=5b6b33a851254bf23caffa3660c771f56eb78cf6', 'width': 960, 'height': 504}, {'url': 'https://external-preview.redd.it/eWw4W9qITwqD3oDHfD8POa4gWd9z4aVFshHbkEAesAg.jpg?width=1080&amp;crop=smart&amp;auto=webp&amp;s=134d292e73504c0dc2f2157ebc11eebcd0d689f2', 'width': 1080, 'height': 567}], 'variants': {}, 'id': 'LMt4m7fZTru3thc-3o80p7hB_QA70NJmzC_gjoLfQeo'}], 'enabled': False}",[],[],False,False,False,False,,False,,,,t5_2qqjc,,,,e83b6i,True,,Jacksonteague,,24,False,all_ads,False,[],False,,/r/todayilearned/comments/e83b6i/til_nasa_sent_actor_and_puppeteer_caroll_spinney/,all_ads,False,https://www.nbcnews.com/news/amp/ncna353521,21846743,1575857268.0,0,,False,
,todayilearned,,t2_ssgfg,False,,0,False,"TIL if you try to steal the hood ornament from a Rolls Royce made after 2004, it will instantly retreat into the chassis of the car until the owner rights it. These hood ornaments, called ""The Spirit of Ecstasy"", cost roughly US $4000 to replace.",[],r/todayilearned,False,6,,0,105.0,False,t3_e7x40w,False,dark,,public,719,0,"{'content': '&lt;iframe width=""600"" height=""338"" src=""https://www.youtube.com/embed/aj53HuWBfjE?feature=oembed&amp;enablejsapi=1"" frameborder=""0"" allow=""accelerometer; autoplay; encrypted-media; gyroscope; picture-in-picture"" allowfullscreen&gt;&lt;/iframe&gt;', 'width': 600, 'scrolling': False, 'height': 338}",140.0,,False,[],"{'type': 'youtube.com', 'oembed': {'provider_url': 'https://www.youtube.com/', 'version': '1.0', 'title': 'Can You Steal The Spirit of Ecstasy?', 'type': 'video', 'thumbnail_width': 480, 'height': 338, 'width': 600, 'html': '&lt;iframe width=""600"" height=""338"" src=""https://www.youtube.com/embed/aj53HuWBfjE?feature=oembed&amp;enablejsapi=1"" frameborder=""0"" allow=""accelerometer; autoplay; encrypted-media; gyroscope; picture-in-picture"" allowfullscreen&gt;&lt;/iframe&gt;', 'author_name': 'Dimmitt Automotive Group', 'provider_name': 'YouTube', 'thumbnail_url': 'https://i.ytimg.com/vi/aj53HuWBfjE/hqdefault.jpg', 'thumbnail_height': 360, 'author_url': 'https://www.youtube.com/user/DimmittAutomotiveFL'}}",False,False,,"{'content': '&lt;iframe width=""600"" height=""338"" src=""https://www.youtube.com/embed/aj53HuWBfjE?feature=oembed&amp;enablejsapi=1"" frameborder=""0"" allow=""accelerometer; autoplay; encrypted-media; gyroscope; picture-in-picture"" allowfullscreen&gt;&lt;/iframe&gt;', 'width': 600, 'scrolling': False, 'media_domain_url': 'https://www.redditmedia.com/mediaembed/e7x40w', 'height': 338}",,False,719,,False,https://a.thumbs.redditmedia.com/Mmim9N19DD4O9t98X18KzAUmZ-2wuE7tazc13Zodj04.jpg,False,,[],[],{},rich:video,,False,,1575857561.0,text,6,,,text,youtube.com,True,,,,,,False,False,False,False,False,"{'images': [{'source': {'url': 'https://external-preview.redd.it/84FbU8IVNOWt7LEcAN-yypRewAfN5LkMiFHpNYLVmCw.jpg?auto=webp&amp;s=fe5c6b35bb478e37d4015df9951a2dc782e2c644', 'width': 480, 'height': 360}, 'resolutions': [{'url': 'https://external-preview.redd.it/84FbU8IVNOWt7LEcAN-yypRewAfN5LkMiFHpNYLVmCw.jpg?width=108&amp;crop=smart&amp;auto=webp&amp;s=1b23b4bb5622d7da641a87a088081aaa14bccc29', 'width': 108, 'height': 81}, {'url': 'https://external-preview.redd.it/84FbU8IVNOWt7LEcAN-yypRewAfN5LkMiFHpNYLVmCw.jpg?width=216&amp;crop=smart&amp;auto=webp&amp;s=3fcd1421bb1447ac32d65740243a84f1a517b018', 'width': 216, 'height': 162}, {'url': 'https://external-preview.redd.it/84FbU8IVNOWt7LEcAN-yypRewAfN5LkMiFHpNYLVmCw.jpg?width=320&amp;crop=smart&amp;auto=webp&amp;s=750f88113369c3549e384f7ddb90f911f50c09df', 'width': 320, 'height': 240}], 'variants': {}, 'id': '1o2GWyJSazX4LdMWYdC4Dz0CaCBFlyOo8HxSGv5urIc'}], 'enabled': False}",[],[],False,False,False,False,,False,,,,t5_2qqjc,,,,e7x40w,True,,LordVoltaine,,128,True,all_ads,False,[],False,,/r/todayilearned/comments/e7x40w/til_if_you_try_to_steal_the_hood_ornament_from_a/,all_ads,False,https://www.youtube.com/watch?time_continue=17&amp;v=aj53HuWBfjE&amp;feature=emb_title,21846743,1575828761.0,0,"{'type': 'youtube.com', 'oembed': {'provider_url': 'https://www.youtube.com/', 'version': '1.0', 'title': 'Can You Steal The Spirit of Ecstasy?', 'type': 'video', 'thumbnail_width': 480, 'height': 338, 'width': 600, 'html': '&lt;iframe width=""600"" height=""338"" src=""https://www.youtube.com/embed/aj53HuWBfjE?feature=oembed&amp;enablejsapi=1"" frameborder=""0"" allow=""accelerometer; autoplay; encrypted-media; gyroscope; picture-in-picture"" allowfullscreen&gt;&lt;/iframe&gt;', 'author_name': 'Dimmitt Automotive Group', 'provider_name': 'YouTube', 'thumbnail_url': 'https://i.ytimg.com/vi/aj53HuWBfjE/hqdefault.jpg', 'thumbnail_height': 360, 'author_url': 'https://www.youtube.com/user/DimmittAutomotiveFL'}}",False,True
