approved_at_utc,subreddit,selftext,author_fullname,saved,mod_reason_title,gilded,clicked,title,link_flair_richtext,subreddit_name_prefixed,hidden,pwls,link_flair_css_class,downs,hide_score,name,quarantine,link_flair_text_color,author_flair_background_color,subreddit_type,ups,total_awards_received,media_embed,author_flair_template_id,is_original_content,user_reports,secure_media,is_reddit_media_domain,is_meta,category,secure_media_embed,link_flair_text,can_mod_post,score,approved_by,author_premium,thumbnail,edited,author_flair_css_class,steward_reports,author_flair_richtext,gildings,content_categories,is_self,mod_note,created,link_flair_type,wls,removed_by_category,banned_by,author_flair_type,domain,allow_live_comments,selftext_html,likes,suggested_sort,banned_at_utc,view_count,archived,no_follow,is_crosspostable,pinned,over_18,all_awardings,awarders,media_only,can_gild,spoiler,locked,author_flair_text,visited,removed_by,num_reports,distinguished,subreddit_id,mod_reason_by,removal_reason,link_flair_background_color,id,is_robot_indexable,report_reasons,author,discussion_type,num_comments,send_replies,whitelist_status,contest_mode,mod_reports,author_patreon_flair,author_flair_text_color,permalink,parent_whitelist_status,stickied,url,subreddit_subscribers,created_utc,num_crossposts,media,is_video
,worldnews,,t2_fn8i1,False,,0,False,Documents prove Japan forced Australian women to be wartime sex slaves,[],r/worldnews,False,6,,0,False,t3_e85t0n,False,dark,,public,7777,0,{},,False,[],,False,False,,{},,False,7777,,False,,False,,[],[],{},,False,,1575899177.0,text,6,,,text,thenewdaily.com.au,True,,,,,,False,False,False,False,False,[],[],False,False,False,False,,False,,,,t5_2qh13,,,,e85t0n,True,,pantangeli,,848,True,all_ads,False,[],False,,/r/worldnews/comments/e85t0n/documents_prove_japan_forced_australian_women_to/,all_ads,False,https://thenewdaily.com.au/news/national/2019/12/08/documents-prove-japan-forced-australian-women-to-be-wartime-sex-slaves/,22626509,1575870377.0,0,,False
,worldnews,,t2_fw0uo,False,,0,False,Russia banned from all global sport including 2020 OIympics and 2022 World Cup,[],r/worldnews,False,6,russia,0,True,t3_e88alb,False,dark,,public,2455,0,{},,False,[],,False,False,,{},Russia,False,2455,,False,,False,,[],[],{},,False,,1575916303.0,text,6,,,text,news.sky.com,True,,,,,,False,False,False,False,False,[],[],False,False,False,False,,False,,,,t5_2qh13,,,,e88alb,True,,Mistermiyagi93,,246,True,all_ads,False,[],False,,/r/worldnews/comments/e88alb/russia_banned_from_all_global_sport_including/,all_ads,False,http://news.sky.com/story/russia-banned-from-all-global-sport-including-2020-oiympics-and-2022-world-cup-11882206,22626509,1575887503.0,1,,False
,worldnews,,t2_4ccm762e,False,,0,False,"Far-Right Terrorism Has Increased 320 Percent in Just 4 Years, Extremism Watchdog Warns",[],r/worldnews,False,6,,0,False,t3_e81b2r,False,dark,,public,46227,1,{},,False,[],,False,False,,{},,False,46227,,True,,False,,[],[],{'gid_1': 1},,False,,1575876177.0,text,6,,,text,newsweek.com,True,,,,,,False,False,False,False,False,"[{'count': 1, 'is_enabled': True, 'subreddit_id': None, 'description': ""Shows the Silver Award... and that's it."", 'end_date': None, 'award_sub_type': 'GLOBAL', 'coin_reward': 0, 'icon_url': 'https://www.redditstatic.com/gold/awards/icon/silver_512.png', 'days_of_premium': 0, 'is_new': False, 'id': 'gid_1', 'icon_height': 512, 'resized_icons': [{'url': 'https://www.redditstatic.com/gold/awards/icon/silver_16.png', 'width': 16, 'height': 16}, {'url': 'https://www.redditstatic.com/gold/awards/icon/silver_32.png', 'width': 32, 'height': 32}, {'url': 'https://www.redditstatic.com/gold/awards/icon/silver_48.png', 'width': 48, 'height': 48}, {'url': 'https://www.redditstatic.com/gold/awards/icon/silver_64.png', 'width': 64, 'height': 64}, {'url': 'https://www.redditstatic.com/gold/awards/icon/silver_128.png', 'width': 128, 'height': 128}], 'days_of_drip_extension': 0, 'award_type': 'global', 'start_date': None, 'coin_price': 100, 'icon_width': 512, 'subreddit_coin_reward': 0, 'name': 'Silver'}]",[],False,False,False,False,,False,,,,t5_2qh13,,,,e81b2r,True,,AntifaSuperSwoledier,,5105,True,all_ads,False,[],False,,/r/worldnews/comments/e81b2r/farright_terrorism_has_increased_320_percent_in/,all_ads,False,https://www.newsweek.com/far-right-terrorism-increased-320-percent-4-years-extremism-watchdog-1472642,22626509,1575847377.0,7,,False
,worldnews,,t2_t22xckq,False,,0,False,Danish NATO event cancelled after US bars Trump critic from attending: 'Free speech is paramount',[],r/worldnews,False,6,trump,0,False,t3_e7ywjv,False,dark,,public,17401,0,{},,False,[],,False,False,,{},Trump,False,17401,,True,,False,,[],[],{},,False,,1575865488.0,text,6,,,text,independent.co.uk,True,,,,,,False,False,False,False,False,[],[],False,False,False,False,,False,,,,t5_2qh13,,,,e7ywjv,True,,nnnarbz,,885,False,all_ads,False,[],False,,/r/worldnews/comments/e7ywjv/danish_nato_event_cancelled_after_us_bars_trump/,all_ads,False,https://www.independent.co.uk/news/world/americas/us-politics/trump-nato-event-denmark-cancelled-stanley-sloane-carla-sands-a9238406.html,22626509,1575836688.0,4,,False
,worldnews,,t2_2nmahwux,False,,0,False,Firms withdraw from China on worsening business conditions,[],r/worldnews,False,6,,0,False,t3_e85k7s,False,dark,,public,1325,0,{},,False,[],,False,False,,{},,False,1325,,True,,False,,[],[],{},,False,,1575897801.0,text,6,,,text,koreatimes.co.kr,True,,,,,,False,False,False,False,False,[],[],False,False,False,False,,False,,,,t5_2qh13,,,,e85k7s,True,,mczack13,,93,True,all_ads,False,[],False,,/r/worldnews/comments/e85k7s/firms_withdraw_from_china_on_worsening_business/,all_ads,False,https://www.koreatimes.co.kr/www/tech/2019/12/129_279961.html,22626509,1575869001.0,0,,False
,worldnews,,t2_2yqt,False,,0,False,House Judiciary Chairman Jerry Nadler says a jury would convict Trump 'in about 3 minutes flat',[],r/worldnews,False,6,trump,0,False,t3_e8573s,False,dark,,public,1374,0,{},,False,[],,False,False,,{},Trump,False,1374,,True,,False,,[],[],{},,False,,1575895776.0,text,6,,,text,businessinsider.com,True,,,,,,False,False,False,False,False,[],[],False,False,False,False,,False,,,,t5_2qh13,,,,e8573s,True,,maxwellhill,,150,False,all_ads,False,[],False,,/r/worldnews/comments/e8573s/house_judiciary_chairman_jerry_nadler_says_a_jury/,all_ads,False,https://www.businessinsider.com/house-judiciary-chairman-jerry-nadler-jury-would-vote-impeachment-2019-12,22626509,1575866976.0,0,,False
,worldnews,,t2_8fe24,False,,0,False,"Fix climate crisis because Earth is all we've got, Physics Nobel prize winner says",[],r/worldnews,False,6,,0,False,t3_e86btn,False,dark,,public,974,0,{},,False,[],,False,False,,{},,False,974,,False,,False,,[],[],{},,False,,1575902369.0,text,6,,,text,reuters.com,False,,,,,,False,False,False,False,False,[],[],False,False,False,False,,False,,,,t5_2qh13,,,,e86btn,True,,altbekannt,,84,True,all_ads,False,[],False,,/r/worldnews/comments/e86btn/fix_climate_crisis_because_earth_is_all_weve_got/,all_ads,False,https://www.reuters.com/article/us-nobel-prize/fix-climate-crisis-because-earth-is-all-weve-got-physics-nobel-prize-winner-says-idUSKBN1YB0CW,22626509,1575873569.0,1,,False
,worldnews,,t2_10yxkw,False,,0,False,"Volcano Erupts on White Island in New Zealand, reports of injuries",[],r/worldnews,False,6,,0,False,t3_e83gfx,False,dark,,public,1497,0,{},,False,[],,False,False,,{},,False,1497,,False,,False,,[],[],{},,False,,1575886801.0,text,6,,,text,nzherald.co.nz,True,,,,,,False,False,False,False,False,[],[],False,False,False,False,,False,,,,t5_2qh13,,,,e83gfx,True,,Liamur64,,226,True,all_ads,False,[],False,,/r/worldnews/comments/e83gfx/volcano_erupts_on_white_island_in_new_zealand/,all_ads,False,https://www.nzherald.co.nz/bay-of-plenty-times/news/article.cfm?c_id=1503343&amp;objectid=12292240,22626509,1575858001.0,0,,False
,worldnews,,t2_3xiit59l,False,,0,False,"Conservative government giving NHS data to Amazon for free, documents reveal. US company will be able to access all “healthcare information, including without limitation symptoms, causes, and definitions”",[],r/worldnews,False,6,,0,False,t3_e7vpdj,False,dark,,public,22646,1,{},,False,[],,False,False,,{},,False,22646,,True,,False,,[],[],{'gid_1': 1},,False,,1575851260.0,text,6,,,text,independent.co.uk,True,,,,,,False,False,False,False,False,"[{'count': 1, 'is_enabled': True, 'subreddit_id': None, 'description': ""Shows the Silver Award... and that's it."", 'end_date': None, 'award_sub_type': 'GLOBAL', 'coin_reward': 0, 'icon_url': 'https://www.redditstatic.com/gold/awards/icon/silver_512.png', 'days_of_premium': 0, 'is_new': False, 'id': 'gid_1', 'icon_height': 512, 'resized_icons': [{'url': 'https://www.redditstatic.com/gold/awards/icon/silver_16.png', 'width': 16, 'height': 16}, {'url': 'https://www.redditstatic.com/gold/awards/icon/silver_32.png', 'width': 32, 'height': 32}, {'url': 'https://www.redditstatic.com/gold/awards/icon/silver_48.png', 'width': 48, 'height': 48}, {'url': 'https://www.redditstatic.com/gold/awards/icon/silver_64.png', 'width': 64, 'height': 64}, {'url': 'https://www.redditstatic.com/gold/awards/icon/silver_128.png', 'width': 128, 'height': 128}], 'days_of_drip_extension': 0, 'award_type': 'global', 'start_date': None, 'coin_price': 100, 'icon_width': 512, 'subreddit_coin_reward': 0, 'name': 'Silver'}]",[],False,False,False,False,,False,,,,t5_2qh13,,,,e7vpdj,True,,OldFashionedJizz,,1451,True,all_ads,False,[],False,,/r/worldnews/comments/e7vpdj/conservative_government_giving_nhs_data_to_amazon/,all_ads,False,https://www.independent.co.uk/news/health/amazon-nhs-data-access-uk-government-contract-a9237901.html,22626509,1575822460.0,12,,False
,worldnews,,t2_17a0df,False,,0,False,Vulnerable Nations Call for Ecocide to Be Recognized As an International Crime,[],r/worldnews,False,6,,0,False,t3_e81rd9,False,dark,,public,1776,0,{},,False,[],,False,False,,{},,False,1776,,False,,False,,[],[],{},,False,,1575878384.0,text,6,,,text,climateliabilitynews.org,False,,,,,,False,False,False,False,False,[],[],False,False,False,False,,False,,,,t5_2qh13,,,,e81rd9,True,,leonerdo_,,71,False,all_ads,False,[],False,,/r/worldnews/comments/e81rd9/vulnerable_nations_call_for_ecocide_to_be/,all_ads,False,https://www.climateliabilitynews.org/2019/12/06/ecocide-international-criminal-court-vanuatu/,22626509,1575849584.0,0,,False
,worldnews,,t2_vaznr,False,,3,False,Whistleblower goes public after leaked documents reveal China's crackdown on Uighur Muslims,[],r/worldnews,False,6,,0,False,t3_e7uejk,False,dark,,public,49788,9,{},,False,[],,False,False,,{},,False,49788,,True,,False,,[],[],"{'gid_1': 1, 'gid_2': 3, 'gid_3': 1}",,False,,1575844612.0,text,6,,,text,news.yahoo.com,True,,,,,,False,False,False,False,False,"[{'count': 1, 'is_enabled': True, 'subreddit_id': 't5_2qh13', 'description': 'Shows the Insightful Comment Award and grants %{coin_symbol}100 Coins to the community. Exclusive to this community.', 'end_date': None, 'award_sub_type': 'COMMUNITY', 'coin_reward': 0, 'icon_url': 'https://i.redd.it/award_images/t5_2qh13/71rp03og8gi31_InsightfulComment.png', 'days_of_premium': 0, 'is_new': False, 'id': 'award_c6aa6ce5-2f19-4ece-95a2-4de9611470a0', 'icon_height': 512, 'resized_icons': [{'url': 'https://preview.redd.it/award_images/t5_2qh13/71rp03og8gi31_InsightfulComment.png?width=16&amp;height=16&amp;auto=webp&amp;s=38ad9c6cf855e5e6b0fed071b3746e5c05c42234', 'width': 16, 'height': 16}, {'url': 'https://preview.redd.it/award_images/t5_2qh13/71rp03og8gi31_InsightfulComment.png?width=32&amp;height=32&amp;auto=webp&amp;s=b3cd0d6880432bbb8717c73b1dc93eff566a76df', 'width': 32, 'height': 32}, {'url': 'https://preview.redd.it/award_images/t5_2qh13/71rp03og8gi31_InsightfulComment.png?width=48&amp;height=48&amp;auto=webp&amp;s=1c32f25ea1a98ffac9557a9dc9849264c848081d', 'width': 48, 'height': 48}, {'url': 'https://preview.redd.it/award_images/t5_2qh13/71rp03og8gi31_InsightfulComment.png?width=64&amp;height=64&amp;auto=webp&amp;s=a5cd1e411da9615fe05d15218c87e912b657898d', 'width': 64, 'height': 64}, {'url': 'https://preview.redd.it/award_images/t5_2qh13/71rp03og8gi31_InsightfulComment.png?width=128&amp;height=128&amp;auto=webp&amp;s=553d1bf2af4fa6ec7862b39632cf70c375c15190', 'width': 128, 'height': 128}], 'days_of_drip_extension': 0, 'award_type': 'community', 'start_date': None, 'coin_price': 500, 'icon_width': 512, 'subreddit_coin_reward': 100, 'name': 'Insightful Comment'}, {'count': 3, 'is_enabled': True, 'subreddit_id': 't5_2qh13', 'description': 'Shows the Important Context Award and grants %{coin_symbol}100 Coins to the community. Exclusive to this community.', 'end_date': None, 'award_sub_type': 'COMMUNITY', 'coin_reward': 0, 'icon_url': 'https://i.redd.it/award_images/t5_2qh13/3wlxkqjq8gi31_ImportantContext.png', 'days_of_premium': 0, 'is_new': False, 'id': 'award_b157143f-5b99-47e9-ab9b-532e2ee97551', 'icon_height': 512, 'resized_icons': [{'url': 'https://preview.redd.it/award_images/t5_2qh13/3wlxkqjq8gi31_ImportantContext.png?width=16&amp;height=16&amp;auto=webp&amp;s=6a8a8c84c6d1eba32538736ece15d751058bd55f', 'width': 16, 'height': 16}, {'url': 'https://preview.redd.it/award_images/t5_2qh13/3wlxkqjq8gi31_ImportantContext.png?width=32&amp;height=32&amp;auto=webp&amp;s=dcad9ab039c2c47d51e3a1ec661fcea36119b75f', 'width': 32, 'height': 32}, {'url': 'https://preview.redd.it/award_images/t5_2qh13/3wlxkqjq8gi31_ImportantContext.png?width=48&amp;height=48&amp;auto=webp&amp;s=51460f4b48bcd43393352383ce946bdac117c127', 'width': 48, 'height': 48}, {'url': 'https://preview.redd.it/award_images/t5_2qh13/3wlxkqjq8gi31_ImportantContext.png?width=64&amp;height=64&amp;auto=webp&amp;s=fc3f421b6c143e18b0ebb426b7221b6b2766b8da', 'width': 64, 'height': 64}, {'url': 'https://preview.redd.it/award_images/t5_2qh13/3wlxkqjq8gi31_ImportantContext.png?width=128&amp;height=128&amp;auto=webp&amp;s=6945ffb6ec7a1d67f98f01177dfe90470a91b21e', 'width': 128, 'height': 128}], 'days_of_drip_extension': 0, 'award_type': 'community', 'start_date': None, 'coin_price': 500, 'icon_width': 512, 'subreddit_coin_reward': 100, 'name': 'Important Context'}, {'count': 1, 'is_enabled': True, 'subreddit_id': None, 'description': 'Gives the author a month of Reddit Premium, which includes %{coin_symbol}700 Coins for that month, and shows a Platinum Award.', 'end_date': None, 'award_sub_type': 'GLOBAL', 'coin_reward': 0, 'icon_url': 'https://www.redditstatic.com/gold/awards/icon/platinum_512.png', 'days_of_premium': 31, 'is_new': False, 'id': 'gid_3', 'icon_height': 512, 'resized_icons': [{'url': 'https://www.redditstatic.com/gold/awards/icon/platinum_16.png', 'width': 16, 'height': 16}, {'url': 'https://www.redditstatic.com/gold/awards/icon/platinum_32.png', 'width': 32, 'height': 32}, {'url': 'https://www.redditstatic.com/gold/awards/icon/platinum_48.png', 'width': 48, 'height': 48}, {'url': 'https://www.redditstatic.com/gold/awards/icon/platinum_64.png', 'width': 64, 'height': 64}, {'url': 'https://www.redditstatic.com/gold/awards/icon/platinum_128.png', 'width': 128, 'height': 128}], 'days_of_drip_extension': 31, 'award_type': 'global', 'start_date': None, 'coin_price': 1800, 'icon_width': 512, 'subreddit_coin_reward': 0, 'name': 'Platinum'}, {'count': 3, 'is_enabled': True, 'subreddit_id': None, 'description': 'Gives the author a week of Reddit Premium, %{coin_symbol}100 Coins to do with as they please, and shows a Gold Award.', 'end_date': None, 'award_sub_type': 'GLOBAL', 'coin_reward': 100, 'icon_url': 'https://www.redditstatic.com/gold/awards/icon/gold_512.png', 'days_of_premium': 7, 'is_new': False, 'id': 'gid_2', 'icon_height': 512, 'resized_icons': [{'url': 'https://www.redditstatic.com/gold/awards/icon/gold_16.png', 'width': 16, 'height': 16}, {'url': 'https://www.redditstatic.com/gold/awards/icon/gold_32.png', 'width': 32, 'height': 32}, {'url': 'https://www.redditstatic.com/gold/awards/icon/gold_48.png', 'width': 48, 'height': 48}, {'url': 'https://www.redditstatic.com/gold/awards/icon/gold_64.png', 'width': 64, 'height': 64}, {'url': 'https://www.redditstatic.com/gold/awards/icon/gold_128.png', 'width': 128, 'height': 128}], 'days_of_drip_extension': 0, 'award_type': 'global', 'start_date': None, 'coin_price': 500, 'icon_width': 512, 'subreddit_coin_reward': 0, 'name': 'Gold'}, {'count': 1, 'is_enabled': True, 'subreddit_id': None, 'description': ""Shows the Silver Award... and that's it."", 'end_date': None, 'award_sub_type': 'GLOBAL', 'coin_reward': 0, 'icon_url': 'https://www.redditstatic.com/gold/awards/icon/silver_512.png', 'days_of_premium': 0, 'is_new': False, 'id': 'gid_1', 'icon_height': 512, 'resized_icons': [{'url': 'https://www.redditstatic.com/gold/awards/icon/silver_16.png', 'width': 16, 'height': 16}, {'url': 'https://www.redditstatic.com/gold/awards/icon/silver_32.png', 'width': 32, 'height': 32}, {'url': 'https://www.redditstatic.com/gold/awards/icon/silver_48.png', 'width': 48, 'height': 48}, {'url': 'https://www.redditstatic.com/gold/awards/icon/silver_64.png', 'width': 64, 'height': 64}, {'url': 'https://www.redditstatic.com/gold/awards/icon/silver_128.png', 'width': 128, 'height': 128}], 'days_of_drip_extension': 0, 'award_type': 'global', 'start_date': None, 'coin_price': 100, 'icon_width': 512, 'subreddit_coin_reward': 0, 'name': 'Silver'}]",[],False,False,False,False,,False,,,,t5_2qh13,,,,e7uejk,True,,dunkin1980,,1969,True,all_ads,False,[],False,,/r/worldnews/comments/e7uejk/whistleblower_goes_public_after_leaked_documents/,all_ads,False,https://news.yahoo.com/whistleblower-goes-public-leaked-documents-135334798.html,22626509,1575815812.0,11,,False
,worldnews,,t2_612zd,False,,0,False,"HUD Withholds $18 Billion In Disaster Aid From Puerto Rico, Lawmakers Threaten To Fight Back By Denying Agency Funds",[],r/worldnews,False,6,,0,False,t3_e7zlp8,False,dark,,public,2205,0,{},,False,[],,False,False,,{},,False,2205,,True,,False,,[],[],{},,False,,1575868528.0,text,6,,,text,newsweek.com,False,,,,,,False,False,False,False,False,[],[],False,False,False,False,,False,,,,t5_2qh13,,,,e7zlp8,True,,DoremusJessup,,130,True,all_ads,False,[],False,,/r/worldnews/comments/e7zlp8/hud_withholds_18_billion_in_disaster_aid_from/,all_ads,False,https://www.newsweek.com/hud-withholds-18-billion-disaster-aid-puerto-rico-lawmakers-threaten-fight-back-denying-1475635,22626509,1575839728.0,1,,False
,worldnews,,t2_3xiit59l,False,,0,False,Australian paedophiles pay as little as $15 for online abuse of children in Philippines. Australian federal police say livestreaming of children performing sexual acts marks ‘alarming shift’,[],r/worldnews,False,6,,0,False,t3_e86qu8,False,dark,,public,328,0,{},,False,[],,False,False,,{},,False,328,,True,,False,,[],[],{},,False,,1575905139.0,text,6,,,text,theguardian.com,False,,,,,,False,False,False,False,False,[],[],False,False,False,False,,False,,,,t5_2qh13,,,,e86qu8,True,,OldFashionedJizz,,40,True,all_ads,False,[],False,,/r/worldnews/comments/e86qu8/australian_paedophiles_pay_as_little_as_15_for/,all_ads,False,https://www.theguardian.com/world/2019/dec/09/australian-paedophiles-pay-15-dollars-online-abuse-filipino-children,22626509,1575876339.0,0,,False
,worldnews,,t2_1009s4,False,,0,False,UK Tories produce ‘deeply dishonest’ election leaflet imitating National Health Service prescription with barely visible mention of party name - 'Highly deceptive’ advert condemned as 'behaviour that makes people lose faith in politics’,[],r/worldnews,False,6,,0,False,t3_e882px,False,dark,,public,129,0,{},,False,[],,False,False,,{},,False,129,,True,,False,,[],[],{},,False,,1575914694.0,text,6,,,text,independent.co.uk,False,,,,,,False,False,False,False,False,[],[],False,False,False,False,,False,,,,t5_2qh13,,,,e882px,True,,ManiaforBeatles,,16,True,all_ads,False,[],False,,/r/worldnews/comments/e882px/uk_tories_produce_deeply_dishonest_election/,all_ads,False,https://www.independent.co.uk/news/uk/politics/general-election-tory-campaign-leaflet-prescription-nhs-full-fact-a9238226.html,22626509,1575885894.0,0,,False
,worldnews,,t2_uc9zq,False,,0,False,"CIVCUS monitor reports that the world is becoming ""more oppressed"" with many countries, including Australia, experiencing increased government oppression.",[],r/worldnews,False,6,,0,False,t3_e7wxme,False,dark,,public,1954,0,{},,False,[],,False,False,,{},,False,1954,,True,,False,,[],[],{},,False,,1575856763.0,text,6,,,text,monitor.civicus.org,True,,,,,,False,False,False,False,False,[],[],False,False,False,False,,False,,,,t5_2qh13,,,,e7wxme,True,,Xenton,,188,True,all_ads,False,[],False,,/r/worldnews/comments/e7wxme/civcus_monitor_reports_that_the_world_is_becoming/,all_ads,False,https://monitor.civicus.org/PeoplePowerUnderAttack2019/,22626509,1575827963.0,1,,False
,worldnews,,t2_4vlwhcbl,False,,0,False,"For Mobile Users in China, One 'Wrong' Word Means Punishment",[],r/worldnews,False,6,,0,False,t3_e85v3z,False,dark,,public,215,0,{},,False,[],,False,False,,{},,False,215,,False,,False,,[],[],{},,False,,1575899531.0,text,6,,,text,bitterwinter.org,False,,,,,,False,False,False,False,False,[],[],False,False,False,False,,False,,,,t5_2qh13,,,,e85v3z,True,,5QxjKb7SI2j1d9Zs3jcs,,98,False,all_ads,False,[],False,,/r/worldnews/comments/e85v3z/for_mobile_users_in_china_one_wrong_word_means/,all_ads,False,https://bitterwinter.org/for-mobile-users-in-china-one-wrong-word-means-punishment/,22626509,1575870731.0,0,,False
,worldnews,,t2_92mo,False,,0,False,"2019 Nobel Prize winner warns there is no 'Planet B'. Fix Earth's climate crisis instead of dreaming of other planets, urges Nobel prize-winning astronomer",[],r/worldnews,False,6,,0,False,t3_e83uxg,False,dark,,public,373,0,{},,False,[],,False,False,,{},,False,373,,True,,False,,[],[],{},,False,,1575888814.0,text,6,,,text,independent.co.uk,False,,,,,,False,False,False,False,False,[],[],False,False,False,False,,False,,,,t5_2qh13,,,,e83uxg,True,,IntnsRed,,39,True,all_ads,False,[],False,,/r/worldnews/comments/e83uxg/2019_nobel_prize_winner_warns_there_is_no_planet/,all_ads,False,https://www.independent.co.uk/news/science/2019-nobel-prize-physics-chemistry-climate-change-global-warming-a9237346.html,22626509,1575860014.0,0,,False
,worldnews,,t2_2yqt,False,,0,False,Over 500 law professors say Trump engaged in 'impeachable conduct' in his dealings with Ukraine,[],r/worldnews,False,6,trump,0,False,t3_e7ssjn,False,dark,,public,40341,0,{},,False,[],,False,False,,{},Trump,False,40341,,True,,False,,[],[],{},,False,,1575833941.0,text,6,,,text,businessinsider.com,True,,,,,,False,False,False,False,False,[],[],False,False,False,False,,False,,,,t5_2qh13,,,,e7ssjn,True,,maxwellhill,,4588,False,all_ads,False,[],False,,/r/worldnews/comments/e7ssjn/over_500_law_professors_say_trump_engaged_in/,all_ads,False,https://www.businessinsider.com/over-500-legal-scholars-trump-should-be-impeached-over-ukraine-2019-12?,22626509,1575805141.0,2,,False
,worldnews,,t2_25m5dei2,False,,0,False,China tells government offices to remove all foreign computer equipment,[],r/worldnews,False,6,,0,False,t3_e86zhp,False,dark,,public,142,0,{},,False,[],,False,False,,{},,False,142,,False,,False,,[],[],{},,False,,1575906876.0,text,6,,,text,theguardian.com,False,,,,,,False,False,False,False,False,[],[],False,False,False,False,,False,,,,t5_2qh13,,,,e86zhp,True,,m88ster,,20,True,all_ads,False,[],False,,/r/worldnews/comments/e86zhp/china_tells_government_offices_to_remove_all/,all_ads,False,https://www.theguardian.com/world/2019/dec/09/china-tells-government-offices-to-remove-all-foreign-computer-equipment,22626509,1575878076.0,0,,False
,worldnews,,t2_32td9nf5,False,,0,False,American soldiers banned from Italian main street after vicious brawl,[],r/worldnews,False,6,,0,False,t3_e80ouv,False,dark,,public,748,0,{},,False,[],,False,False,,{},,False,748,,False,,False,,[],[],{},,False,,1575873358.0,text,6,,,text,telegraph.co.uk,False,,,,,,False,False,False,False,False,[],[],False,False,False,False,,False,,,,t5_2qh13,,,,e80ouv,True,,Arnhem_Umbra,,321,True,all_ads,False,[],False,,/r/worldnews/comments/e80ouv/american_soldiers_banned_from_italian_main_street/,all_ads,False,https://www.telegraph.co.uk/news/2019/12/08/american-soldiers-banned-italian-main-street-vicious-brawl/,22626509,1575844558.0,0,,False
,worldnews,,t2_yq287,False,,1,False,Huge turnout as Hong Kong pro-democracy protesters offer 'last chance' for leader Carrie Lam to meet demands | Hong Kong Free Press HKFP,[],r/worldnews,False,6,hongkong,0,False,t3_e7rtde,False,dark,,public,16476,2,{},,False,[],,False,False,,{},Hong Kong,False,16476,,True,,False,,[],[],"{'gid_1': 1, 'gid_2': 1}",,False,,1575826129.0,text,6,,,text,hongkongfp.com,True,,,,,,False,False,False,False,False,"[{'count': 1, 'is_enabled': True, 'subreddit_id': None, 'description': 'Gives the author a week of Reddit Premium, %{coin_symbol}100 Coins to do with as they please, and shows a Gold Award.', 'end_date': None, 'award_sub_type': 'GLOBAL', 'coin_reward': 100, 'icon_url': 'https://www.redditstatic.com/gold/awards/icon/gold_512.png', 'days_of_premium': 7, 'is_new': False, 'id': 'gid_2', 'icon_height': 512, 'resized_icons': [{'url': 'https://www.redditstatic.com/gold/awards/icon/gold_16.png', 'width': 16, 'height': 16}, {'url': 'https://www.redditstatic.com/gold/awards/icon/gold_32.png', 'width': 32, 'height': 32}, {'url': 'https://www.redditstatic.com/gold/awards/icon/gold_48.png', 'width': 48, 'height': 48}, {'url': 'https://www.redditstatic.com/gold/awards/icon/gold_64.png', 'width': 64, 'height': 64}, {'url': 'https://www.redditstatic.com/gold/awards/icon/gold_128.png', 'width': 128, 'height': 128}], 'days_of_drip_extension': 0, 'award_type': 'global', 'start_date': None, 'coin_price': 500, 'icon_width': 512, 'subreddit_coin_reward': 0, 'name': 'Gold'}, {'count': 1, 'is_enabled': True, 'subreddit_id': None, 'description': ""Shows the Silver Award... and that's it."", 'end_date': None, 'award_sub_type': 'GLOBAL', 'coin_reward': 0, 'icon_url': 'https://www.redditstatic.com/gold/awards/icon/silver_512.png', 'days_of_premium': 0, 'is_new': False, 'id': 'gid_1', 'icon_height': 512, 'resized_icons': [{'url': 'https://www.redditstatic.com/gold/awards/icon/silver_16.png', 'width': 16, 'height': 16}, {'url': 'https://www.redditstatic.com/gold/awards/icon/silver_32.png', 'width': 32, 'height': 32}, {'url': 'https://www.redditstatic.com/gold/awards/icon/silver_48.png', 'width': 48, 'height': 48}, {'url': 'https://www.redditstatic.com/gold/awards/icon/silver_64.png', 'width': 64, 'height': 64}, {'url': 'https://www.redditstatic.com/gold/awards/icon/silver_128.png', 'width': 128, 'height': 128}], 'days_of_drip_extension': 0, 'award_type': 'global', 'start_date': None, 'coin_price': 100, 'icon_width': 512, 'subreddit_coin_reward': 0, 'name': 'Silver'}]",[],False,False,False,False,,False,,,,t5_2qh13,,,,e7rtde,True,,maximumeffortmyass,,748,True,all_ads,False,[],False,,/r/worldnews/comments/e7rtde/huge_turnout_as_hong_kong_prodemocracy_protesters/,all_ads,False,https://www.hongkongfp.com/2019/12/08/huge-turnout-hong-kong-pro-democracy-protesters-offer-last-chance-leader-carrie-lam-meet-demands/,22626509,1575797329.0,2,,False
,worldnews,,t2_4p0y4poi,False,,0,False,"With climate discontent rising, scientists warn of 'social tipping point' | On Friday, the U.N. climate chief and a leading scientist warned of a growing risk of social unrest as the effects of a warming world worsen inequality and poverty worldwide",[],r/worldnews,False,6,,0,False,t3_e7xoec,False,dark,,public,1437,1,{},,False,[],,False,False,,{},,False,1437,,True,,False,,[],[],{'gid_1': 1},,False,,1575860077.0,text,6,,,text,reuters.com,True,,,,,,False,False,False,False,False,"[{'count': 1, 'is_enabled': True, 'subreddit_id': None, 'description': ""Shows the Silver Award... and that's it."", 'end_date': None, 'award_sub_type': 'GLOBAL', 'coin_reward': 0, 'icon_url': 'https://www.redditstatic.com/gold/awards/icon/silver_512.png', 'days_of_premium': 0, 'is_new': False, 'id': 'gid_1', 'icon_height': 512, 'resized_icons': [{'url': 'https://www.redditstatic.com/gold/awards/icon/silver_16.png', 'width': 16, 'height': 16}, {'url': 'https://www.redditstatic.com/gold/awards/icon/silver_32.png', 'width': 32, 'height': 32}, {'url': 'https://www.redditstatic.com/gold/awards/icon/silver_48.png', 'width': 48, 'height': 48}, {'url': 'https://www.redditstatic.com/gold/awards/icon/silver_64.png', 'width': 64, 'height': 64}, {'url': 'https://www.redditstatic.com/gold/awards/icon/silver_128.png', 'width': 128, 'height': 128}], 'days_of_drip_extension': 0, 'award_type': 'global', 'start_date': None, 'coin_price': 100, 'icon_width': 512, 'subreddit_coin_reward': 0, 'name': 'Silver'}]",[],False,False,False,False,,False,,,,t5_2qh13,,,,e7xoec,True,,1920sremastered,,145,True,all_ads,False,[],False,,/r/worldnews/comments/e7xoec/with_climate_discontent_rising_scientists_warn_of/,all_ads,False,https://www.reuters.com/article/us-climate-change-accord-social-trfn/with-climate-discontent-rising-scientists-warn-of-social-tipping-point-idUSKBN1YA273,22626509,1575831277.0,2,,False
,worldnews,,t2_azhog,False,,0,False,"Finland's Social Democrats name Sanna Marin, 34, to be youngest ever prime minister",[],r/worldnews,False,6,,0,False,t3_e7xm57,False,dark,,public,1318,0,{},,False,[],,False,False,,{},,False,1318,,False,,False,,[],[],{},,False,,1575859798.0,text,6,,,text,reuters.com,True,,,,,,False,False,False,False,False,[],[],False,False,False,False,,False,,,,t5_2qh13,,,,e7xm57,True,,dozenofroses,,134,True,all_ads,False,[],False,,/r/worldnews/comments/e7xm57/finlands_social_democrats_name_sanna_marin_34_to/,all_ads,False,https://www.reuters.com/article/us-finland-government-pm/finlands-social-democrats-name-marin-to-be-youngest-ever-prime-minister-idUSKBN1YC0JO,22626509,1575830998.0,2,,False
,worldnews,,t2_5xj0p,False,,0,False,Australia’s democracy has been downgraded from ‘open’ to ‘narrowed’,[],r/worldnews,False,6,,0,True,t3_e887s3,False,dark,,public,59,0,{},,False,[],,False,False,,{},,False,59,,True,,False,,[],[],{},,False,,1575915717.0,text,6,,,text,sbs.com.au,False,,,,,,False,False,False,False,False,[],[],False,False,False,False,,False,,,,t5_2qh13,,,,e887s3,True,,xinxai_the_white_guy,,8,True,all_ads,False,[],False,,/r/worldnews/comments/e887s3/australias_democracy_has_been_downgraded_from/,all_ads,False,https://www.sbs.com.au/news/the-feed/australia-s-democracy-has-been-downgraded-from-open-to-narrowed?fbclid=IwAR0nsHAjVGxePadr3osOnTlTdOva2YTtpcppuAXIfKVR7lVOlQe24UjfAa8,22626509,1575886917.0,0,,False
,worldnews,,t2_xn4q4d7,False,,0,False,Russian spy ship blocked from entering Panama Canal,[],r/worldnews,False,6,russia,0,False,t3_e7y5aq,False,dark,,public,904,0,{},,False,[],,False,False,,{},Russia,False,904,,False,,False,,[],[],{},,False,,1575862178.0,text,6,,,text,uawire.org,False,,,,,,False,False,False,False,False,[],[],False,False,False,False,,False,,,,t5_2qh13,,,,e7y5aq,True,,BTCHub,,128,True,all_ads,False,[],False,,/r/worldnews/comments/e7y5aq/russian_spy_ship_blocked_from_entering_panama/,all_ads,False,http://uawire.org/russian-spy-ship-blocked-from-entering-panama-canal,22626509,1575833378.0,1,,False
